Note,Commentaire
1.0," CONS-TER-NANT !Mais quelle comÃ©die affligeante !!Rien ne sonne vrai dans cette histoire oÃ¹ quatre cÃ©lÃ©britÃ©s de divers horizons vont devoir partager l'affiche d'une Ã©mission de tÃ©lÃ©-rÃ©alitÃ© au fin fond de l'Afrique, dans une tribu du bout du monde : les Malawas.Tout est lourd, l'humour est pathÃ©tique, on se croirait presque dans une parodie tant les situations et les personnages sont proches du ridicule.Seul point positif : de somptueux paysages.Fuyez ce nanard puissance 10 !!!Site www.cinemadourg.free.fr "
2.0," je suis trÃ¨s client de Christian Clavier, je pense que Youn a eu un coup de gÃ©nie avec Â«Â fatal bazookaÂ Â», james Huth a fait un bon boulot avec Â«Â Brice de NiceÂ Â», jâ€™avais donc envie de voir ce Â«Â RDV chez les MalawasÂ Â». Et bien mÃªme avec beaucoup de complaisance, il est difficile de sortir du cinÃ©ma avec satisfaction. Ce film ne trouve pas son rythme et on nâ€™accroche jamais Ã  aucun des personnages, on a lâ€™impression que chaque acteur joue sa partition sans jamais tenir copte de ses partenaires.jâ€™ai trouvÃ© clavier usÃ© et trÃ¨s rÃ©pÃ©titif dans son jeu. Lâ€™idÃ©e de base est bonne mais si la rÃ©alisation et l'Ã©criture ne fonctionne pas cela donne un film ratÃ©. Pascal Elbe qui a le rÃ´le centrale du film nâ€™a pas le talent comique pour en faire un personnage culte, grosse erreur de casting ! "
4.0," TrÃ¨s Ã©tonnÃ©, les critiques n'encourageaient pas ! Mais la caricature aux 3Ã¨me degrÃ© est bien exprimÃ©e. Une satyre comique de bonne facture. Les dialogues sont pas mal troussÃ©s. Les acteurs jouent sur leur valeur avec facilitÃ©. Certaines situations sont vraiment drÃ´les.Bonne comÃ©die n'atteignant pas les sommets du genre, mais excellent divertissement. "
1.0," LÃ  on touche le fond, la pire comÃ©die de l'annÃ©e. Clavier est redevenu insupportable, caricature de lui mÃªme. Les situations sont invraisemblables et les acteurs pas crÃ©dibles, ils semblent ne pas croire eux mÃªme Ã  leur personnages. "
4.0," un film trÃ¨s caricatural , trÃ¨s invraisemblable mais trÃ¨s drÃ´le ! les acteurs chevronnÃ©s font le travail et je voudrais quand mÃªme mettre en exergue un acteur que l ' on voit de plus en plus et qui est formidable , FranÃ§ois Levantal ! "
2.0," Une comÃ©die franÃ§aise, encore affligeante. Le seul comÃ©dien qui sort son Ã©pingle est FranÃ§ois Levantal, en rÃ´le second. Le scÃ©nario est faible, la mise en scÃ¨ne ratÃ©e, elle rÃ©ussit l'exploit de voir en Sylvie Testut une comÃ©dienne de MJC. Clavier fait du clavier, Ramzy n'est pas crÃ©dible un seul instant, youn en star du foot semble vouloir exhausser un rÃªve de gosse.Tout Ã§a finit en pathos.Des stÃ©rÃ©otypes sur les tribus du bout du monde, avec son lot de cannibalisme.Des gens ont ri dans la salle, il y aura un public pour voir quelques belles prises de vues, d'un milieu naturel sud-africain qui aide Ã  la belle photographie.Oui les starlettes du spectacle sont Ã©goÃ¯stes, nÃ©vrosÃ©s, ne supportent pas les projecteurs qui s'Ã©teignent, mais on peut traiter le sujet avec talent, non ? "
1.5, J ai pas apprÃ©ciÃ© le film trÃ¨s lourds dans tout personnages et histoire qui rappelle une Ã©mission de tÃ©lÃ© vraiment trÃ¨s dÃ©cevant 
4.0," Pour qui connaÃ®t un peu les Ã©gos surdimensionnÃ©s de certains journalistes affectionnant de se prendre pour de vraies stars, ce film est vraiment Ã  voir pour mieux en rire.ParticuliÃ¨rement bien interprÃ©tÃ© et avec un scÃ©nario montrant comme, au montage, on peut faire dire tout et son contraire Ã  n'importe qui. Le film est vraiment drÃ´le et beaucoup plus intÃ©ressant qu'il n'y parait ( bande annonce vraiment trÃ¨s mÃ©diocre)Ã€ voir, mÃªme si par ces temps de grÃ¨ves scandaleuses paralysant tout type de dÃ©placement, il n'est vraiment facile de sortir au thÃ©Ã¢tre ou au cinÃ©ma ... mais les syndicats font vraiment ce qu'ils veulent en France ... no comment ! "
0.5, DÃ©Ã§u par ce film j'ai pas accrochÃ© du tout Ã  part les paysages c'est une comÃ©die qui ne prend pas avec des gags burlesques m. Je recommande pas du tout. 
4.0, comÃ©die que j'aurais loupÃ© si j'avais suivi les trÃ¨s mauvaises critiques... je m'attendais Ã  une bouse (il y en a pas mal dans le film) alors chapeau car cela faisait longtemps que je n'avais pas pleurÃ© de rire tellement les gags servis sont enfantin au sens noble du terme. cela fait du bien et justement rien est sÃ©rieux et tout est bien rÃ©alisÃ© dans un cadre dÃ©paysant et magnifique. on sent l'influence de MICHAÃ‹L YOUN pour le trash et les second rÃ´les comme FRANÃ‡OIS LEVANTAL et d'autres sont vraiment excellents. si votre humour c'est le potache alors rendez-vous chez les Malawas et ne passer pas Ã  cÃ´tÃ© d'une bonne sÃ©ance. 
2.5, on se doute bien que ce n'est pas un chef d'Å“uvre mais les personnages et les situations sont sympathiques et on rigole de bon cÅ“ur a voir pour se dÃ©tendre 
1.5," Quand on a vu la bande annonce on a tout vu !!! On s en doutait un peu. Difficile de trouver des films plein d humour du debut a la fin du style Simonin, Grangier et Audiard ... "
0.5, Que dire ...... c'est un.gros navet !!!! c'est triste de dÃ©penser de l argent pour regarder Ã§a!!! pourtant je suis bon public mais la c'est juste affligeant!ğŸ‘ğŸ‘ğŸ‘ğŸ‘ğŸ‘ 
2.0," Une comÃ©die sâ€™affichant comme une parodie dâ€™une cÃ©lÃ¨bre Ã©mission de tÃ©lÃ©vision. Lâ€™esprit du genre choisi pour cette transposition sur grand Ã©cran câ€™est dâ€™ironiser, de caricaturer. Mais en fait, ce nâ€™est pas vraiment drÃ´le ! Peut-Ãªtre parce que Ã§a semble finalement trop rÃ©aliste ? Tant quâ€™Ã  faire, aurait-il fallu grossir davantage le trait ? Ce qui nâ€™empÃªche pas quelques Ã©clats de rire parmi les rangs clairsemÃ©s du public en ce jour de sortie nationale. "
3.5," Câ€™est une parodie du Reality Show Â« La ferme des CÃ©lÃ©britÃ©s Â» transposÃ© en Afrique au beau milieu de la Savane. Câ€™est amusant et mÃªme trÃ¨s rÃ©jouissant par moments, les dÃ©cors naturels, la faune locale, la bonne ambiance et la qualitÃ© des interprÃ¨tes (tous Ã  part Ramzy qui est vraiment lamentable), y sont pour beaucoup. Il y a Ã©normÃ©ment de gags, certains trÃ¨s bons et dâ€™autres â€¦ beaucoup moins, mais on passe un bon moment si lâ€™on a besoin de rire un peu pour changer de la morositÃ© et des grÃ¨ves Ã  Paris ! Jâ€™ai quand mÃªme dÃ» marcher pendant 6 kms pour aller et revenir du cinÃ©ma, mais Ã§Ã  en valait la peine ! "
1.0," CONS-TER-NANT !Mais quelle comÃ©die affligeante !!Rien ne sonne vrai dans cette histoire oÃ¹ quatre cÃ©lÃ©britÃ©s de divers horizons vont devoir partager l'affiche d'une Ã©mission de tÃ©lÃ©-rÃ©alitÃ© au fin fond de l'Afrique, dans une tribu du bout du monde : les Malawas.Tout est lourd, l'humour est pathÃ©tique, on se croirait presque dans une parodie tant les situations et les personnages sont proches du ridicule.Seul point positif : de somptueux paysages.Fuyez ce nanard puissance 10 !!!Site www.cinemadourg.free.fr "
2.0," je suis trÃ¨s client de Christian Clavier, je pense que Youn a eu un coup de gÃ©nie avec Â«Â fatal bazookaÂ Â», james Huth a fait un bon boulot avec Â«Â Brice de NiceÂ Â», jâ€™avais donc envie de voir ce Â«Â RDV chez les MalawasÂ Â». Et bien mÃªme avec beaucoup de complaisance, il est difficile de sortir du cinÃ©ma avec satisfaction. Ce film ne trouve pas son rythme et on nâ€™accroche jamais Ã  aucun des personnages, on a lâ€™impression que chaque acteur joue sa partition sans jamais tenir copte de ses partenaires.jâ€™ai trouvÃ© clavier usÃ© et trÃ¨s rÃ©pÃ©titif dans son jeu. Lâ€™idÃ©e de base est bonne mais si la rÃ©alisation et l'Ã©criture ne fonctionne pas cela donne un film ratÃ©. Pascal Elbe qui a le rÃ´le centrale du film nâ€™a pas le talent comique pour en faire un personnage culte, grosse erreur de casting ! "
4.0," TrÃ¨s Ã©tonnÃ©, les critiques n'encourageaient pas ! Mais la caricature aux 3Ã¨me degrÃ© est bien exprimÃ©e. Une satyre comique de bonne facture. Les dialogues sont pas mal troussÃ©s. Les acteurs jouent sur leur valeur avec facilitÃ©. Certaines situations sont vraiment drÃ´les.Bonne comÃ©die n'atteignant pas les sommets du genre, mais excellent divertissement. "
1.0," LÃ  on touche le fond, la pire comÃ©die de l'annÃ©e. Clavier est redevenu insupportable, caricature de lui mÃªme. Les situations sont invraisemblables et les acteurs pas crÃ©dibles, ils semblent ne pas croire eux mÃªme Ã  leur personnages. "
4.0," un film trÃ¨s caricatural , trÃ¨s invraisemblable mais trÃ¨s drÃ´le ! les acteurs chevronnÃ©s font le travail et je voudrais quand mÃªme mettre en exergue un acteur que l ' on voit de plus en plus et qui est formidable , FranÃ§ois Levantal ! "
2.0," Une comÃ©die franÃ§aise, encore affligeante. Le seul comÃ©dien qui sort son Ã©pingle est FranÃ§ois Levantal, en rÃ´le second. Le scÃ©nario est faible, la mise en scÃ¨ne ratÃ©e, elle rÃ©ussit l'exploit de voir en Sylvie Testut une comÃ©dienne de MJC. Clavier fait du clavier, Ramzy n'est pas crÃ©dible un seul instant, youn en star du foot semble vouloir exhausser un rÃªve de gosse.Tout Ã§a finit en pathos.Des stÃ©rÃ©otypes sur les tribus du bout du monde, avec son lot de cannibalisme.Des gens ont ri dans la salle, il y aura un public pour voir quelques belles prises de vues, d'un milieu naturel sud-africain qui aide Ã  la belle photographie.Oui les starlettes du spectacle sont Ã©goÃ¯stes, nÃ©vrosÃ©s, ne supportent pas les projecteurs qui s'Ã©teignent, mais on peut traiter le sujet avec talent, non ? "
1.5, J ai pas apprÃ©ciÃ© le film trÃ¨s lourds dans tout personnages et histoire qui rappelle une Ã©mission de tÃ©lÃ© vraiment trÃ¨s dÃ©cevant 
4.0," Pour qui connaÃ®t un peu les Ã©gos surdimensionnÃ©s de certains journalistes affectionnant de se prendre pour de vraies stars, ce film est vraiment Ã  voir pour mieux en rire.ParticuliÃ¨rement bien interprÃ©tÃ© et avec un scÃ©nario montrant comme, au montage, on peut faire dire tout et son contraire Ã  n'importe qui. Le film est vraiment drÃ´le et beaucoup plus intÃ©ressant qu'il n'y parait ( bande annonce vraiment trÃ¨s mÃ©diocre)Ã€ voir, mÃªme si par ces temps de grÃ¨ves scandaleuses paralysant tout type de dÃ©placement, il n'est vraiment facile de sortir au thÃ©Ã¢tre ou au cinÃ©ma ... mais les syndicats font vraiment ce qu'ils veulent en France ... no comment ! "
0.5, DÃ©Ã§u par ce film j'ai pas accrochÃ© du tout Ã  part les paysages c'est une comÃ©die qui ne prend pas avec des gags burlesques m. Je recommande pas du tout. 
4.0, comÃ©die que j'aurais loupÃ© si j'avais suivi les trÃ¨s mauvaises critiques... je m'attendais Ã  une bouse (il y en a pas mal dans le film) alors chapeau car cela faisait longtemps que je n'avais pas pleurÃ© de rire tellement les gags servis sont enfantin au sens noble du terme. cela fait du bien et justement rien est sÃ©rieux et tout est bien rÃ©alisÃ© dans un cadre dÃ©paysant et magnifique. on sent l'influence de MICHAÃ‹L YOUN pour le trash et les second rÃ´les comme FRANÃ‡OIS LEVANTAL et d'autres sont vraiment excellents. si votre humour c'est le potache alors rendez-vous chez les Malawas et ne passer pas Ã  cÃ´tÃ© d'une bonne sÃ©ance. 
2.5, on se doute bien que ce n'est pas un chef d'Å“uvre mais les personnages et les situations sont sympathiques et on rigole de bon cÅ“ur a voir pour se dÃ©tendre 
1.5," Quand on a vu la bande annonce on a tout vu !!! On s en doutait un peu. Difficile de trouver des films plein d humour du debut a la fin du style Simonin, Grangier et Audiard ... "
0.5, Que dire ...... c'est un.gros navet !!!! c'est triste de dÃ©penser de l argent pour regarder Ã§a!!! pourtant je suis bon public mais la c'est juste affligeant!ğŸ‘ğŸ‘ğŸ‘ğŸ‘ğŸ‘ 
2.0," Une comÃ©die sâ€™affichant comme une parodie dâ€™une cÃ©lÃ¨bre Ã©mission de tÃ©lÃ©vision. Lâ€™esprit du genre choisi pour cette transposition sur grand Ã©cran câ€™est dâ€™ironiser, de caricaturer. Mais en fait, ce nâ€™est pas vraiment drÃ´le ! Peut-Ãªtre parce que Ã§a semble finalement trop rÃ©aliste ? Tant quâ€™Ã  faire, aurait-il fallu grossir davantage le trait ? Ce qui nâ€™empÃªche pas quelques Ã©clats de rire parmi les rangs clairsemÃ©s du public en ce jour de sortie nationale. "
3.5," Câ€™est une parodie du Reality Show Â« La ferme des CÃ©lÃ©britÃ©s Â» transposÃ© en Afrique au beau milieu de la Savane. Câ€™est amusant et mÃªme trÃ¨s rÃ©jouissant par moments, les dÃ©cors naturels, la faune locale, la bonne ambiance et la qualitÃ© des interprÃ¨tes (tous Ã  part Ramzy qui est vraiment lamentable), y sont pour beaucoup. Il y a Ã©normÃ©ment de gags, certains trÃ¨s bons et dâ€™autres â€¦ beaucoup moins, mais on passe un bon moment si lâ€™on a besoin de rire un peu pour changer de la morositÃ© et des grÃ¨ves Ã  Paris ! Jâ€™ai quand mÃªme dÃ» marcher pendant 6 kms pour aller et revenir du cinÃ©ma, mais Ã§Ã  en valait la peine ! "
1.0," Vraiment nul, des blague pourrie, dommage des acteurs extraordinaire mais le film ne correspond pas Ã  ces acteurs "
0.5," A pleurer tellement c'est mauvais. Ã‡a devait Ãªtre une comÃ©die : c'est un drame. ProblÃ¨me : c'est prÃ©sentÃ© comme une comÃ©die. Le drame : l'absence de scÃ©nario, un rÃ©alisateur qui ne dirige rien, des comÃ©diens boursouflÃ©s d'ego en roue libre. Clavier semble jouer le remake des ""Visiteurs en AmÃ©rique""... Seul Michael Youn en footballeur crÃ©tin s'en sort avec ce rÃ´le de composition. "
1.0," A part les paysages magnifiques, le film est vraiment trÃ¨s dÃ©cevant... certains diront que c'est un ""navet"" !Les gags sont lourds et sans aucun intÃ©rÃªt, et on n'a pas beaucoup l'occasion de rire , je me suis mÃªme ennuyÃ©e. Je ne conseillerai donc pas d'aller voir ce film. "
1.0, Film pas drÃ´le du tout. Les acteurs sont pitoyables et ne font rire personne. Seul les dÃ©cors sont sympa. Grosse comÃ©die burlesque. 
1.5," Navrant . Pas drÃ´le , on s'ennuie du dÃ©but Ã  la fin . ScÃ©nario vide et gags amateurs . Bref a fuir . Aucun intÃ©rÃªt "
4.0," MalgrÃ© les mauvaises critiques je sors du film , moi j'ai bien aimÃ© le film DrÃ´le Avec de bons acteurs et un bon scÃ©nario bravo j'ai passÃ© un bon moment "
4.0, Et bien moi j'ai bien aimÃ©.Des images superbes.Les acteurs excellents.J'ai vraiment passÃ© un agrÃ©able moment. 
2.0," La comÃ©die franÃ§aise repousse une fois de plus les limites du ridicule et du consternant, Ã  chaque fois qu'on croit touchÃ© le fond, hop un nouveau film dÃ©barque pour monter qu'on peut encore aller plus loin. Le film est d'une telle vacuitÃ© pas Ã©vident d'en sortir quelques choses de positif, humour lourdingue, caricature exacerbÃ©, situations grotesques, le casting est plutÃ´t correcte de base mais c'est tellement sur jouÃ© et mal dirigÃ© que cela ne sauve pas le film malgrÃ© le fait que les dÃ©cors naturels soit rÃ©ussies. totalement oubliable. "
4.0," J ai adore, me suis bien marrÃ©e et ne serai pas etonnee qu il devienne culte ! Je retournerai le voir avec mes enfants ! "
1.0," Serait-il possible que le ministÃ¨re de la culture et de la francophonie arrÃªtÃ© de paniquer et au lieu de vouloir sortir 30 filmes VF par an, dont 29/30 des ratÃ©s complets, de se contenter Ã¢ en faire 2-3 de BONS !? Bienvenu chez les Malawas fait partie des 29 sur 30.... dommage. C'est plat, pas drÃ´le, et heureusement que M CLAVIER y Ã©tait..... car comme Ã§a, tout le monde peut faire des films! FAITES UN EFFORT MON DIEU! Comme Intouchables! "
1.0," Quel ennui ! On ne peut s'empÃªcher de voir une satire de ces Ã©missions du mÃªme genre mais trop facile de le faire ainsi, gratuitement avec ces acteurs Ã©voluant dans le mÃªme milieu. "
1.0," Gros bide Tres lourd, long, je pensais que ce serait un film beaucoup plus drÃ´le Vraiment dÃ©cevant "
4.0," Excellente comÃ©die enfin, pas de rÃ©pit, gags sur gags caustique et tendre. Des paysages extraordinaires et une bande son originale (Myriam Makeba) . Ne pas oublier les Malawas qui se prÃªtent si bien Ã  l humour et la mise en scÃ¨ne. "
3.5," Bien-sÃ»r je ne m'attendais pas Ã  la comÃ©die de l'annÃ©e, mais le rÃ©alisateur des Brice de Nice nous a concoctÃ© une parodie assez drÃ´le d'une cÃ©lÃ¨bre Ã©mission tÃ©lÃ©visÃ©e, avec une multitude de gags plus ou moins rÃ©ussis ou attendus, mais de ce cÃ´tÃ©-lÃ , la mission est bien remplie. Certes, la finesse n'est pas son point fort, et Ã§a on s'en doutait, on est juste lÃ  pour se distraire, en mettant pour une fois son esprit critique de cotÃ© . En plus les paysages africains sont magnifiques, sans oublier la morale principale: je suis une cÃ©lÃ©britÃ© et je n'ai pas le mÃªme comportement suivant que je suis filmÃ© ou pas, est plutÃ´t crÃ©dible dans ce monde actuel ou l'image sous toutes ses formes domine... "
0.5, Il n'y a rien Ã  sauver dans cette comÃ©die indigente au scÃ©nario qui rÃ©ussit l'exploit d'avoir un air de dÃ©jÃ -vu tout en Ã©tant navrant. Une critique plus dÃ©taillÃ©e et d'autres sur le-blog-d-elisabeth-g.blogspot.fr 
3.5," a lire les commentaires prÃ©cÃ©dents j'ai beaucoup hÃ©sitÃ© avant de me rendre au cinÃ© , je serai cependant beaucoup moins critique , effectivement rien n'est vraiment crÃ©dible, il faut prendre ce film comme une grosse farce ,comme on savait les faire dans les annÃ©es 80.pas de temps mort , les gags plus ou moins droles s'enchainent ,Clavier est Ã©gal Ã  lui meme , mais c'est ce qu'on lui demande ,aprÃ¨s on aime ou on aime pas . sylvie testud n'est pas mal du tout , de beaux paysages , rien que pour cela le film vaut le dÃ©tour. si on prend tout au 2Ã¨me ou 3Ã¨me degrÃ© on passe un bon moment "
4.0," J'ai passÃ© un trÃ¨s bon moment , j'ai mÃªme bien rigolÃ©. J'ai trouvÃ© qu'il y avait de l'ironie pour les vedettes du petit Ã©cran, les footballeurs et les humoristes. "
0.5," INCROYABLE ! Je n'ai jamais vu Ã§a. J'y suis aller pour voir un mauvais film avec un ami, pour ""voir"". Mais je ne m'attendais pas Ã  une telle surprise. Entre la dÃ©ception et le dÃ©gout, ce film a Ã©tablit un nouveau palier dans ce que je considÃ¨re comme l'Ã©chec. Une experience au combien troublante, Ã  la mesure du malaise qui m'Ã©crasait au fond de ma chaise. Si certain films incarne la finesse, celui-ci redÃ©finis son contraire....Si vous vous n'avez pas de pire film, je vous le conseil :) "
1.0," Un film pour faire un film... trÃ¨s dÃ©Ã§u, trÃ¨s long et ennuyant... Pourtant avec de supers acteurs pour les 4 protagonistes principaux ... nous avons dÃ» rire 3 fois dans le film câ€™est vraiment dommage ... "
5.0," J'ai adorer ... trÃ¨s lÃ©ger, et super dÃ©lirant Ã  la sauce Rendez vous en Terre inconnu .., c'est finement bien jouer ""cela me rapelle le SÃ©nÃ©gal ""., j'ai ris presque jusqu'au bout ... bon c'est pas le film comique du siÃ¨cle , mais j'ai adorer les acteurs , franchement c'est dommage pour les rageurs alors je mais 5 pour remonter mais ma note est pluto 3 "
2.5," Ce film ne mÃ©rite pas les critiques nÃ©gatives qui lui sont faites. Il est lourd c'est vrai mais c'est pour dÃ©noncer les travers du show business et il y rÃ©ussit trÃ¨s bien. Plusieurs moments trÃ¨s drÃ´les. Le choix des personnages est judicieux car personne n'est Ã©pargnÃ© : acteurs, sportifs, journalistes, humoristes et prÃ©sentateurs en prennent dans les dents.... "
5.0," Un Ã©veil Ã  la beautÃ© du monde et Ã  l'intelligence humaine. Un mÃ©lange de style, allant de l'audace d'un Cocteau Ã  la subtilitÃ© d'un Rohmer, qui s'identifie comme un pilier du cinÃ©ma et de la culture franÃ§aise en gÃ©nÃ©ral. PortÃ© par des acteurs qui se subliment par des calembours grivois d'une finesse remarquable. Une rÃ©fÃ©rence dans son genre, un tout nouveau genre : tout simplement celui du meilleur film de tous les temps ! "
2.0," Une toute petite comÃ©die franÃ§aise vraiment pas terrible. On y retrouve les ingrÃ©dients habituelles du genre spÃ©cifique "" toute petite comÃ©die franÃ§aise"", clichÃ©s habituels, stÃ©rÃ©otypes pas surprenants, dialogues idiots sans que ce soit drÃ´le pour autant, gags un peu nuls qui passent devant nous sans mÃªme Ãªtre remarquÃ©s, personnages ni attachants, ni touchants, ni marquants, ni travaillÃ©s. Un jeu au minimum, sans aucun investissement, film de copains entre copains. un entre-soi trÃ¨s parisien, qui n'est mÃªme pas au second degrÃ©s tellement il est rÃ©ellement prÃ©sent au premier degrÃ©s. Si au moins les Malawas avaient Ã©tÃ© traitÃ©s avec sÃ©rieux, avec des vraies attitudes, une vraie langue crÃ©dible, une vÃ©ritable authenticitÃ©, une noblesse exemplaire, alors, peut-Ãªtre que tout aurait pu tenir sur ce contraste dÃ©tonnant, mais malheureusement rien n'est Ã©pargnÃ© par la mÃ©diocritÃ©. Le fait que, nous, spectateurs, ressentons le besoin de rÃ©Ã©crire virtuellement un film aprÃ¨s l'avoir vu, ou mÃªme pendant le visionnage est un trÃ¨s mauvais signal. Une satyre des mÃ©dias mainstream et du show-bi-bi-show bizzness qui n'a aucune portÃ©e et qui ne prend aucun risque en ne jetant aucun vÃ©ritable pavÃ© dans la mare. Service minimum, Clavier fait exactement le mÃªme personnage, avec les mÃªmes habits que dans ces prÃ©cÃ©dents films, les autres ne se foulent pas plus. James Huth avait rÃ©ussi Ã  transformer l'essai dans le genre avec le fameux Brice de Nice. Le film a malgrÃ© tout rÃ©ussi Ã  m'arracher un rire par surprise, ce qui justifie la deuxiÃ¨me Ã©toile. Pourtant amateur de ces petits films un peu bÃ©bÃªtes et trÃ¨s bon client, je pense qu'il serait temps de rehausser la qualitÃ© de ce type de comÃ©dies, elles ont leur place, leur fonction et leur utilitÃ©, il faut sauver le genre. Les spectateurs, trop souvent Ã©chaudÃ©s, finiront par ne plus s'y risquer du tout. Toutes les comÃ©dies franÃ§aise peuvent en pÃ¢tir. "
2.5," A la lecture des critiques unanimement nÃ©gatives, je me suis lancÃ© sans aucun espoir dans cette aventure en terre inconnue. Alors effectivement, peu de rires francs (""peu"" ne voulant pas dire ""aucun"", ce qui est dÃ©jÃ  un point positif vu le peu d'attentes que j'en avais) et des acteurs en vacances. Mais comme j'ai la mÃªme vision de ce genre d'Ã©mission ""en immersion au milieu de peuples isolÃ©s"" que le rÃ©alisateur, j'ai quand mÃªme apprÃ©ciÃ© certains passages: les moments prÃ©tendument ""authentiques"" mais en rÃ©alitÃ© scÃ©narisÃ©s, les larmes de crocodile des invitÃ©s qui sÃ¨chent dÃ¨s la camÃ©ra Ã©teinte, les rÃ©flexions attendues sur notre monde moderne matÃ©rialiste par rapport Ã  ceux qui n'ont rien mais qui donnent tout... J'ai beaucoup de mal Ã  croire Ã  la sincÃ©ritÃ© des sentiments quand on a des camÃ©ras braquÃ©es sur soi. Et au final, c'est cela le fond de""'Rendez-vous chez les Malawas"", en mÃªme temps qu'une petite moquerie sur le caractÃ¨re des cÃ©lÃ©britÃ©s (sinon, le Palmashow a fait un sketch beaucoup plus court sur le mÃªme sujet) "
0.5," pour ma part je voulais me faire ma propre idÃ©e et c'est un bide intersidÃ©ral, ne gaspillez pas votre argent il passera sur tf1 d'ici peu, "
0.5," Acteurs, mise en scÃ¨ne, humour trÃ¨s trÃ¨s PATHOS. Un scÃ©nario pas travaillÃ©, des comÃ©diens Ã  cotÃ© de leurs pompes. Dommage pour les paysages Africain. Une comÃ©die qui sera vite oubliÃ©e. "
3.5, ComÃ©die familiale Ã  l'occasion de Noel. On s'Ã©chappe 1h30 en Afrique du Sud. Ã‡a dÃ©localise ! TrÃ¨s beaux paysages et belle faÃ§on de filmer. Musique sympa et histoire du genre comÃ©die pas trÃ¨s intello mais c'est pas le but Bon moment en famille 
1.0," Ce n'est pas drÃ´le , on s'ennuie, je vous le dÃ©conseille.Christian Clavier se perd un peu.Les gags sont forcÃ©s. "
0.5," Film d'un niveau trÃ¨s bas, Ã  la limite de la stupiditÃ©.Ne perdez pas votre temps et votre argent !!!! "
3.0," Tu y vas pas pour te prendre la tÃªte , c'est clair et net. Tu dÃ©branches ton cerveau et tu peux peut-Ãªtre rire des situations burlesques. Pour ma part , c'est banal mais sympa . "
0.5," Le pire navet comique ! PiÃ¨tre scenario, acteurs en fin de carriÃ¨re dont les rÃ©pliques frisent le ridicule. Par contre dÃ©cors somptueux, l'endroit est magnifique. A Ã©viter !!!! "
4.0, Enfin la vÃ©ritÃ© sur les coulisse de cette cÃ©lÃ¨bre Ã©mission. Ouf ! Film trÃ¨s diversifiant. On ne pouvais pas s'imaginer que parfois Ã§a dÃ©rape. 
0.5," Nous savions que nous allions voir une ""pantalonade"" sans prÃ©tention, histoire de rire un peu. Gasp !! C'est Ã©pouvantable, plat, scÃ©nario indigent, dialogues lourdingues, nous sommes partis un peu avant la fin tellement Ã§a nous a saoulÃ©. DÃ©cidemment quand certains ""acteurs"" font partie du casting on devrait zapper par prÃ©caution. C'est complÃ¨tement affligeant de niaiserie, aucun comÃ©dien ne croit Ã  son rÃ´le, chacun d'ailleurs y est trÃ¨s mal dirigÃ© par J.hunt le rÃ©alisateur. Certains commentaires positifs nous laissent pantois !Quant au modÃ©rateur du site, qu'il m'explique ""en franÃ§ais"" ce qu'il entend par, je cite : la critique ne doit pas contenir de ""spoiler"". S'expliquer en franÃ§ais ne me parait pas une demande hors sujet et ma critique semble Ãªtre Ã©cartÃ©e pour cette raison ""inexpliquÃ©e"". "
0.5," Vraiment un navet !Nous avions prÃ©vu de voir un autre film mais c'Ã©tait complet; on s'est donc rabattus sur celui-ci, la salle Ã©tait presque vide, et pour causeNul et aux relents nÃ©o colonialistes racistes !Heureusement que nous n'Ã©tions pas avec nos amis africains car nous aurions Ã©tÃ© rouges de honte ! "
1.0," James Huth et son casting rate leur cible , le film est lourd , pas drÃ´le, ratÃ©.Les acteurs cabotinent , chacun fait son numÃ©ro .La rÃ©alisation est plate , les gags tombent a plat DÃ©jÃ  fallait il vraiment prendre Christian Clavier dans un rÃ´le de prÃ©sentateur du jt qu'il as lourdement interprÃ©tÃ© dans la vengeance d'une blonde navet a l'origine Bref Rendez vous chez les Malawas est un mauvais film ou vous pourrait les dÃ©but de Capucine Anav "
3.5," film vu avant-premiÃ¨re.bon film avec de l humour, de bons acteurs et quelques bonnes blagues.scÃ©nario banal qui manque de rebondissements. "
0.5," film d'une nullitÃ© a Ã©viter, mÃªme si vous avez du temps Ã  perdre sa n'en vaux pas la peine ,dÃ©pense vraiment inutile . "
0.5, A Ã©viter trÃ¨s trÃ¨s mauvais ennuyeux pas drÃ´le Ne perdez pas votre temps passez votre chemin nul nul nul nul 
1.0, Acteurs de qualitÃ© mais scÃ©nario nul comment peut-on se moquer des amateurs de cinÃ©ma. Inadmissible.demain Ã§a sera peut-Ãªtre mieux en 2020 
0.5," le navet complet, absolu. Comment oser sortir un film comme celui lÃ  ? acteurs absents, scÃ©nario vide. "
2.5," A la vue du scÃ©nario, du casting ... l ensemble aurait pu en empruntant une autre direction mis en scÃ¨ne autrement. Mais la c est peu comme si en plus des acteurs classique. l impression de le faire passer pour un film comme le pÃ¨re NoÃ«l est ordure par exemple car avec les ingrÃ©dients des acteurs ou ensemble ont Ã©tÃ© vu dans des classiques... La sa sonne enfin caricaturalement un peu de faÃ§on trop appuyÃ©e comme pour nous forcer Ã  sourire... Par le biais de pÃ©ripÃ©ties ou a la lecture de l histoire on pourrait penser Ã  mix des derniers ayant un peu fonctionnÃ© (safari etc....). Mais le temps oÃ¹ cela fonctionnÃ© comme cela Ã©tÃ© y a bien longtemps. Donc mÃªme si sa cherche Ã  innover petit Ã  petit on sent des idÃ©es qu on aurait peut-Ãªtre vu dans tel film ou sur un Ã©lÃ©ment clÃ©. Mais rien de vraiment innovant, original et drÃ´le. le bide de fin d annÃ©e, qui n amenera pas beaucoup d entrÃ©e...enfin next "
0.5, Une catastrophe. c'est le seul mot que j'ai en tÃªte. L'humour est Ã  vomir et les scÃ¨nes n'ont aucun sens. Cela a Ã©tÃ© une rÃ©elle perte de temps. 
0.5," Une bouse. Pourri sur toute la ligne, tout est mauvais, consternant, stupide, je n'ai pas ri une seule fois. "
3.5," Rendez vous en Terres inconnues avec Christian Clavier ? J'adore ! Enfin, rendez vous chez les Malawas, petite tribue typique perdue au fin fond de l'Afrique qui va accueillir 4 personnalitÃ©s du Show bizz (Clavier, Ramzy, Toun et une petite derniÃ¨re dont j'ai oubliÃ© le nom...). ComÃ©die lÃ©gÃ¨re, moderne, Ã  l'image effectivement de la cÃ©lÃ¨bre Ã©mission de tÃ©lÃ©vision mais vraiment drÃ´le !!! Ces personnalitÃ©s sont un brin caricaturÃ©es comme le journaliste prÃ©sentateur du JT sur la touche, le footballeur cÃ©lÃ¨bre un peu idiot, le comique qui rempli les salles, narcissique et Ã©goÃ¯ste et la prÃ©sentatrice d'une cÃ©lÃ¨bre Ã©mission sur les animaux (VÃ©ro la Veto !!) nÃ©vrosÃ©e ! J'ai souris de nombreuses fois durant le film, on ne s'ennuie jamais, les situation cocasses s'enchainent les gags ns sont jamais lourds , c'est du vraiment marrant. J'ai passÃ© un vÃ©ritable bon moment et cela faisait un petit moment qu'une comÃ©die franÃ§aise ne m'avait pas autant amusÃ©e! Bravo, c'est un film rÃ©ussi Ã  voir en famille !! "
0.5," L'idÃ©e de dÃ©part pouvait Ãªtre fun, sauf que non dÃ¨s les premiÃ¨res minutes. Sans humour, sans idÃ©e, avec une distribution grotesque, voyage en terre BDSM. Boulevardducinema.com "
3.0," certes, pas la meilleure comÃ©die de ce dÃ©but d'annÃ©e 2020 mais pas non plus la plus mauvaise, j'ai vu pire comme comÃ©die franÃ§aise. c'est sÃ»re on ne rit pas Ã  plein nez mais il y a quelques bons gags. il ne faut prendre tout au 1 er degrÃ©. un moment de cinÃ©ma pour se vider la tÃªte aprÃ¨s une journÃ©e de travail. "
4.5," Je ne comprends vraiment pas les mauvaises notes du film.il est hyper divertissant car drÃ´le, sans prise de tÃªte et qui ne se prend pas au sÃ©rieux. Qu'est-ce qui a dÃ©rangÃ© ? Des personnages mÃ©diocres uniquement guidÃ©s par leur ego ?! C'est justement ce que dÃ©nonce ce film et il y arrive Ã  merveille. Je vous le conseille vivement et en famille pour nous apprendre Ã  ouvrir nous yeux et nos cÅ“urs aux autres... "
4.5," Un film fortement mÃ©jugÃ© sans doute parce qu'il n'y a pas la dose d'hypocrisie, de verbiage dÃ©sordonnÃ© vulgaire, de concupiscence feinte et de violence attendue par les spectateurs. L'humour y est irrÃ©prochable tout en dÃ©calage et sans tromperie, c'est un film vraiment drÃ´le qui montre des individus parvenus sous leur vrai jour sans complaisance avec leurs qualitÃ©s et leurs dÃ©fauts. Les six principaux rÃ´les sont excellents pour cela. Une parodie de diffÃ©rents aspects de la cÃ©lÃ©britÃ©, des faux-semblants et de la vie moderne qui dÃ©range visiblement et certains doivent Ãªtre rassurÃ©s que cela ne soit pas pris au sÃ©rieux. C'est le modÃ¨le d'une vrai comÃ©die selon moi qui sans rentrer dans une Ã©tude des nÃ©vroses bourgeoises ou monstration partielle d'une dÃ©cadence du systÃ¨me politique et administratif, rÃ©ussit Ã  beaucoup ironiser et caricaturer sans mÃ©nager les susceptibilitÃ©s et les convenances modales. "
5.0, Une excellente comÃ©die familiale dÃ©paysante et dÃ©sopilante : le parfait divertissement de fin dâ€™annÃ©e ! 
1.5," Bon.. la bande annonce me faisait peur... mais j'aime tellement Christian Clavier, Sandrine Testud et Pascal Elbe que j'y suis allÃ© quand mÃªme.. Et bien cest pas terrible... le scÃ©nario est pas assez creusÃ©.. trop prÃ©visible tout comme les blagues plutÃ´t lourdes.. tant pis ils feront mieux la prochaine fois. "
4.0," Je ne comprends pas les critiques si nÃ©gatives pour ce film. De trÃ¨s bon acteurs, des gags fins, une histoire qui se dÃ©roule avec fluiditÃ©, des rÃ©pliques excellentes. Il y a bien quelques moments un peu faibles dans le film et quelques gags dÃ©jÃ  vues ailleurs mais dans l'ensemble, c'est un trÃ¨s bon film de divertissement. Je ne suis pas un critique gentils, regardez mes autres textes si vous avez un doute. "
1.0," Le scÃ©nario est bien mince et est plombÃ© par deux idÃ©es centrales particuliÃ¨rement bÃªtes et/ou grossiÃ¨res. D'abord les quatre stars invitÃ©es sont d'une caricature sans nuance, dont on ne perÃ§oit jamais la dÃ©rision, des personnages auxquels mÃªme les acteurs ne croient pas. L'autre mauvaise idÃ©e est d'avoir imaginÃ© un peuple primitif rendu ridicule avec un langage censÃ© faire rire via un charabia incomprÃ©hensible. Les quatre vedettes sont horripilantes, les gags rÃ©ussis trop peu nombreux Ã  contrario des sÃ©quences malaisantes, l'intrigue sans consistance et sans les 2-3 rires forcÃ©s on oscille entre ennui et consternation. Site : Selenie "
2.5," Ce n'est certes pas trÃ¨s fin mais c'est une caricature assez juste de l'Ã©mission de FrÃ©dÃ©ric Lopez, sans pitiÃ© avec l'hypocrisie du monde du showbiz. MalgrÃ© les grosses ficelles, cela fonctionne plutÃ´t bien, mais on aurait pu faire plus subversif. "
1.0," James Huth a encore sÃ©vi, non content de se rater sur la plupart de ses long-mÃ©trages, il emmÃ¨ne Ã  bord de sa nouvelle galÃ¨re bon nombre de tÃªtes d'affiche venues cachetonner et Ã  priori peu concernÃ©es par l'Ã©vÃ©nement. Remarquez, on peut les comprendre tant le script et son acolyte le scÃ©nario sont dÃ©plorables. Mis Ã  part les paysages, c'est le vide sidÃ©ral, les acteurs sont mauvais, les gags Ã©culÃ©s, l'humour extrÃªmement lourd (la blague du pet ... sÃ©rieusement ?!) et on s'ennuie Ã  mourir devant les pÃ©ripÃ©ties grotesques de cette bande de caricatures extrÃªmes. Ce n'est pas drÃ´le, pas subversif pour un sou et on a Ã©videmment l'impression que Ã§a dure des plombes. Aucun intÃ©rÃªt au final et je me demande encore comment ce genre de navet en puissance peut en toute impunitÃ© sortir sur nos grands Ã©crans en 2020 ... "
2.0," Une bonne idÃ©e de dÃ©part avec cette parodie dâ€™Ã©mission tÃ©lÃ© et un casting trÃ¨s correct a la base. Mais un scenario faiblard , une mise en scÃ¨ne plate font que l'on sourit quelques fois mais pas de rire franc. Donc pour une comÃ©die , c'est trop lÃ©ger. "
1.0, Le scÃ©nario ne convainc de rien et est bourrÃ© de rebondissements deceptifs et previsibles. Les acteurs ne convainc de rien. On pourrait se dire que l'humour peut rattraper de tout mais en vrai ce n'est pas le cas 
1.0," il n'y a pas grand chose Ã  dire que cette comÃ©die ratÃ©e. Le scÃ©nario est basÃ© sur une Ã©mission diffusÃ©e sur la Tv franÃ§aise.Le scÃ©nario raconte une Ã©mission de Tv ou un animateur emmÃ¨ne une personne connue dans un pays, une tribu que personne ne connait. La ""cÃ©lÃ©britÃ©"" ne connait pas la destination. Et comme l'Ã©mission est diffusÃ©e en fin d'annÃ©e, elle est exceptionnelle. L'animateur cÃ©lÃ¨bre LÃ©o Poli emmÃ¨ne cette fois ci 4 cÃ©lÃ©britÃ©s : Un ex-prÃ©sentateur journal Tv du 20 heures hyper connu, un humoriste en mal de spectateurs, une vÃ©tÃ©rinaire qui anime sa propre Ã©mission et un footballeur champion du monde.Evidemment , On imagine trÃ¨s bien ce qu'il va se passer. Chacun a un Ã©go surdimensionnÃ© et va vouloir Ãªtre sur le devant de la camÃ©ra. Le prÃ©sentateur, environ 60 ans, vient d'Ãªtre virÃ© du 20 heures et a acceptÃ© de prÃ©senter une Ã©mission de teleachat. Il se met en avant Ã  chaque fois qu'il le peut. L'humoriste, uniquement la pour son image, ses spectacles n'attirent plus les foules. Son agent lui a conseillÃ© d'y participer. TrÃ¨s vite, il va se demander ce qu'il fait la.Â  Le footballeur est idiot.Â  La vÃ©to est la seule femme du groupe.Â Bien sur l'histoire prend une tournure dramatique ... Et le film reprend les bases de l'Ã©mission du service public. Les rencontres, la dÃ©couverte, les expÃ©riences... copiÃ©-collÃ©CotÃ© casting, rien Ã  dire chacun fait ce qu'il a Ã  faire (trop pour quelques uns) . Pour certains, on se demande ce qu'ils font lÃ  ...L'histoire se dÃ©roule sous nos yeux et on a qu'une seule envie, que cela se termine. C'est une cata ! Ã  fuir (framboisemood) "
0.5, Affligeant ! Grossier et pas drÃ´le ! Passez votre chemin !MÃªme les bons acteurs sont mauvais dans ce film ! 
4.0," J'adore le cinema Francais surtout les comedies , Christian Clavier ne deÃ§ois jamais!! Un humour subtile et intelligent. "
5.0," TrÃ¨s bon film ! J'ai passÃ© un excellent moment, trÃ¨s bonnes blagues et magnifiques prises de vue !! "
2.5, film qui se regarde je m attendais Ã  pire le dÃ©but du film est trÃ¨s rÃ©ussi aprÃ¨s une fois arriver chez les malawas on arrive Ã  de l humour un peu prÃ©visible voir lourd.le seul cÃ´tÃ© rÃ©aliste du film c est le cÃ´tÃ© hypocrite des cÃ©lÃ©britÃ©s dans ce genre d Ã©mission entre le hors antenne et Ã  l antenne !!! 
2.0, Une comÃ©die pour enfants qui ne joue que sur la surenchÃ¨re de chaque acteur/personnage. Les situations ne relÃ¨vent pas les dialogues manifestement Ã©crits sur place. 
2.0," comÃ©die passable, on sourit 2,3 fois mais hormis Christian Clavier, le reste du casting est mauvais et les blagues tombent souvent Ã  plat .... "
3.0," Le rendez-vous en terre inconnu. Il y a un beau casting dâ€™acteurs franÃ§ais. Des rÃ´les de compositions Ã  leurs mesures. Il y a aussi Sylvie Testud, la lyonnaise. La jolie blonde de service. Des rÃ´les trÃ¨s charismatiques, volontaires certes, mais des rÃ´les certes trÃ¨s prononcÃ©s pour une comÃ©die qui se doit dâ€™Ãªtre humoristique. Câ€™est un bon petit film marrant Ã  souhait. Il y a des blagues connues. Mais bon, ce nâ€™est quâ€™un film. LÃ , ils partent en Afrique afin de rencontrer une tribu illusoire. Câ€™est marrant. Il y a un bon budget. Une belle photographie. Enfin, un scÃ©nario trop visible et lisible, mais certes une comÃ©die correcte. "
2.0," ComÃ©die bien franchouillarde pour parodier lâ€™Ã©mission de France 2 animÃ© par FrÃ©dÃ©ric Lopez et RaphaÃ«l de Casablanca. Câ€™est bourrÃ© de clichÃ©s limite bordel line 2 ou 3 fois aprÃ¨s J.Huth sâ€™assume comme tel. Lâ€™interprÃ©tation est inÃ©gale, on rigole un peu parfois mais le rÃ©sultat global est limite. "
2.5," On sent poindre une critique Ã  peine voilÃ©e des Ã©missions Voyage en terre inconnue, ou encore Ã€ l'Ã©tat sauvage, et plus gÃ©nÃ©ralement de l'industrie du spectacle et des mÃ©dias. Je serais curieux de connaÃ®tre l'avis des prÃ©sentateurs et producteurs de ces Ã©missions. Il y a pas mal de bonnes choses qui amÃ¨nent Ã  sourire. Cependant quelques images sont Ã  la limite de provoquer la nausÃ©e. Les scÃ¨nes comiques semblent surjouÃ©es, les acteurs Ã©tant dans la caricature de leurs personnages egocentriques. Les rÃ©pliques sont assez moyennes, mÃªme dans le gÃ©nÃ©rique qui se termine par ""Celui ou celle qui lit Ã§a n'est pas krabou"" qui ne provoque aucune Ã©motion. Ã€ regarder si on n'a rien de mieux Ã  faire. "
2.0," Loin des dÃ©lires habituels de James Huth, cette expÃ©dition provoque un premier gloussement bien tardivement et ne pousse pas ce plaisir. C'est lÃ©ger, bien trop lÃ©ger pour coller au sujet du cannibalisme sur fond de tÃ©lÃ©rÃ©alitÃ©, mais suffisamment pour devenir le divertissement familiale attendus. "
3.0," j'ai toujours peur des comÃ©dies franÃ§aises, que la bande annonce soit finalement le best of des meilleurs gags. Le film vaut le coup d'oeil, c'est souvent drÃ´le, correctement jouÃ©, dÃ©paysant. Sans Ã©galer certaines grandes comÃ©dies, on est diverti et c'est dÃ©jÃ  bien "
1.5," Il est de retour et, sans grandes surprises, notre pote James Huth signe une nouvelle comÃ©die. Pour lâ€™inspiration, la rÃ©fÃ©rence Ã  la cÃ©lÃ¨bre Ã©mission Rendez-vous en terre inconnue est Ã©vidente si ce nâ€™est quâ€™ici ce sont jusquâ€™Ã  4 invitÃ©s qui vont vivre une expÃ©rience inoubliable, pas comme les spectateurs. Rendez-vous chez les Malawas câ€™est une parodie qui ne tient pas la route trÃ¨s longtemps en raison de son humour rÃ©chauffÃ©. Entre un Pascal ElbÃ© obsÃ©dÃ© par sa perruque ou encore MichaÃ«l Youn et ses signes interprÃ©tÃ©s comme des insultes, il nâ€™y a pas forcÃ©ment matiÃ¨re Ã  se marrer. Le reste de ce casting fourni ne se montre pas plus amusant et au final voilÃ  un voyage pour lequel on nâ€™a pas forcÃ©ment envie dâ€™embarquer. "
1.5," Ce pastiche de ""Rendez vous en terre inconnue"" est totalement ratÃ©. Un manque de subtilitÃ© font que les gags tombent Ã  plat. "
3.5," Sans Ãªtre la comÃ©die de l'annÃ©e, la critique est bien vue et franchement drÃ´le. Une caricature complÃ¨te plus qu'un film, une grande parodie de Rendez-vous en terre inconnue digne des meilleurs Morning Live. Une grosse comÃ©die pas fine mais franchement drÃ´le Ã  prendre au 1000Ã¨me degrÃ©. MÃªme si un simple sketch de 15min aurait suffit Ã  la place d'un long mÃ©trage, les 1h40 passent vite. Une petite comÃ©die familiale d'Ã©tÃ© sans prÃ©tention, qui en profite pour tacler la faussetÃ© de nombreux comportements de ces pseudo-stars du showbiz lorsqu'ils sont face camÃ©ra "
0.5," Entendu, les acteurs doivent vivre, câ€™est leur job de jouer et de jouer tout et nâ€™ont pas Ã  avoir de scrupules. Ils ont la chance dâ€™exercer Â«Â un mÃ©tierÂ Â» qui non seulement peut bien payer mais dans lequel ils sâ€™amusent. Et ils ont dÃ» tous sâ€™amuser Ã  jouer des caricatures grossiÃ¨res, taillÃ©es au caterpillar, dÃ©nuÃ©es de toutes profondeurs, de toutes sensibilitÃ©s. Entre parenthÃ¨ses, il existe des acteurs (rices) qui ont une certaines idÃ©es parfois trop imbue de leur profession, mais il nâ€™empÃªche quâ€™ils auraient eu raison de refuser un scÃ©nario aussi navrant que ce Â«Â Rendez-vous chez la MalawasÂ Â». Et pourtant, il y avait une idÃ©e Ã  creuser sur lâ€™Ã©tat de la tÃ©lÃ© rÃ©alitÃ©, sur les egos des participants, sur la signification de leur participation, sur lâ€™Afrique. A dÃ©faut de creuser, le film ne vole pas du tout. Un scÃ©nario plat comme un vieux pneu que lâ€™on force Ã  rouler. Le poids du scÃ©nario pourtant trÃ¨s vide le dÃ©chire rapidement et nous spectateurs embarquÃ©s dans ce scÃ©nario douloureux, on sâ€™impatiente de la fin, aprÃ¨s disons, 10 minutes pour Ãªtre large. Certes, le film est relativement court, mais que la route est longue. Ce n'est mÃªme pas facile, c'est paresseux, voire mÃªme du vol ! VoilÃ  une comÃ©die qui va apporter de lâ€™eau au moulin de ceux qui nâ€™aiment pas la fameuse Â«Â comÃ©die Ã  la franÃ§aiseÂ Â». Je nâ€™aime pas les navets, mais câ€™est faire injure Ã  ce lÃ©gume qui a nourrit tant de personnes en pÃ©riode de guerre que de le comparer Ã  ce film pestilentiel ! Que les acteurs continuent Ã  sâ€™amuser Ã  dÃ©faut de mâ€™amuser. "
0.5," Ce film est archi nul, pas drole, le scÃ©nario est creux et les vannes sont d un niveau pre pubere!!! Une tres mauvaise comÃ©die et une vrai perte de temps de l avoir regardÃ©!!! Je vous dÃ©conseille "
2.0," Une vraie comÃ©die Ã  la franÃ§aise pourrie avec un jeu d acteur nul, le seul point positif du film sont les decors. "
0.5," Quand la mÃ©diocritÃ© est subsidiÃ©e, l'histoire importe peu pourvu qu'une tÃªte d'affiche soit recrutÃ©e pour justifier une sorite cinÃ©. VoilÃ  le pitch de ""Rendez-vous chez les Malawas"".. Plus sÃ©rieusement, cette mauvaise parodie de ""Bienvenue en terre inconnue"" n'est pas drÃ´le du tout. Finalement, en caricaturant leur personnage, les acteurs se moquent d'eux-mÃªme... mais sans le savoir. Hautain, vulgaire, stupide, vÃ©nal sont les attitudes dÃ©veloppÃ©es dans le film et rien d'autre ne vient relever le niveau, on se retrouve donc face Ã  des mises en scÃ¨ne insipides et inutiles. "
2.0," Le genre de comÃ©die un peu bof pour des beauf...c'est pas hyper drÃ´le, c'est mÃªme par moment un peu pathÃ©tique, avec des personnages plus que stÃ©rÃ©otypÃ©s (Clavier joue le mÃªme rÃ´le depuis 20 ans). Le seul intÃ©rÃªt rÃ©side dans la satyre (pas toujours rÃ©ussi) du monde du show business, dans des dÃ©cors splendides et dans le cadre d'une Ã©mission ressemblant fortement Ã  ""Rencontre en terre inconnu"". VoilÃ  c'est Ã  peu prÃ¨s tout "
1.0," MalgrÃ© une bonne idee de depart, parodie de bienvenue en terre en inconnue, c'Ã©tait vraiment pas terrible et lourdingue. A part le running gag tardif avec le guide. Les 4 s'ennuient et en font trop. Visiblement ils avaient besoin de pognon. "
3.5," Malheureux ceux qui ne regardent que des films dit ""intelligents"" ; leurs aprioris des films ""FranÃ§ais"" et leur aversion des comÃ©dies les privent d'un bon moment de dÃ©tente et d'humour avec cette comÃ©die coÃ©crite et mise en scÃ¨ne par James Huth. Au dÃ©part ce n'Ã©tait pas gagnÃ©, et finalement, malgrÃ© quelques gags branquignols, il nous offre de jolis dÃ©cors et une belle brochette de personnages bien typÃ©s et de situations cocasses. Le film nous offre aussi un joli casting avec un quatuor de grosses pointures, avec un coup de cÅ“ur pour Sylvie Testud (dompteuse de lion). Cette belle Ã©quipe est bien secondÃ©e, notamment par un excellent FranÃ§ois Levantal dans le rÃ´le du cameraman baroudeur. "
3.0," Ce film de James Huth, un habituÃ© des longs-mÃ©trages comiques franÃ§ais (c'est lui le rÃ©alisateur des deux ""Brice""), Ã©corne le star system avec ses vedettes qui ne font que se regarder le nombril en les faisant cÃ´toyer une tribu reculÃ©e d'Afrique. Certes, c'est caricatural Ã  mort et l'humour n'est pas ultra fin, seulement il faut prendre le mÃ©trage pour ce qu'il est : du divertissement familial pur et simple ! Et en cela, il remplit Ã  mon sens le cahier des charges. De plus, les acteurs se donnent Ã  fond avec une mention spÃ©ciale Ã  Christian Clavier, excellent en journaliste en fin de cycle cynique au possible ou encore Michael Youn, trÃ¨s bien en footballeur dÃ©cÃ©rÃ©brÃ© ! "
2.0," On a un superbe casting, de superbes dÃ©cor, mais l'intrigue est pas ouf, les moments ou l'on rigole sont trop rare! De plus, je pense que je suis devenu hermÃ©tique de ces histoires de stars Ã  l'Ã©go surdimensionnÃ©, Ã§a ne me fait plus rire? Il y a quelques bonnes idÃ©es, mais Ã§a ne va pas plus loin. L'acting en gÃ©nÃ©ral est bon, mais, est-ce qu'on peut parler d'acting quand les acteurs semblent camper leur rÃ´le.Mention spÃ©ciale quand mÃªme Ã  FranÃ§ois Levantal qui crÃ¨ve l'Ã©cran avec son personnage. "
3.0,"  Malheureusement, ce n'est pas un chef d'Å“uvre et pour cause... Michael Youn a gÃ¢chÃ© en partie le film avec un personnage totalement creux et stupide qui plus est. D'ailleurs, l'ensemble du casting est moyen, et mÃªme Christian Clavier n'arrive pas Ã  briller dans ce film au scÃ©nario un peu neuneu qui de toute Ã©vidence a simplement copiÃ© sur les diverses Ã©missions aventuriÃ¨res que vous pouvez regarder Ã  la tÃ©lÃ©vision. Autant vous dire que Ã§a ne brille pas et que la rÃ©flexion n'est pas la prioritÃ© de ce film. Ceci Ã©tant dit, certains passages peuvent Ãªtre comiques, mais personnellement, la seule scÃ¨ne oÃ¹ j'ai vÃ©ritablement ri se trouve Ã  la toute fin. Je m'attendais Ã  mieux. C'est un film qui est pas mal, mais sans plus. Il fait partie de ces films qui seront vite oubliÃ©s. "
2.5," La posture de dÃ©part du rÃ©alisateur James Huth est de vouloir tourner en dÃ©rision l'Ã©mission TV ""Rendez-vous en terre inconnue"". Le principe de parodier cela fonctionne moyennement. C'est une comÃ©die de NoÃ«l oÃ¹ l'humour est bien prÃ©sent mais que l'on aurait aimÃ© beaucoup plus trash comme pouvait le faire Les Inconnus. Ce n'est pas dÃ©plaisant pour autant mÃªme si les quatre ""stars"" ont du mal Ã  transmettre une rÃ©elle complicitÃ©. A noter la performance de FranÃ§ois Levantal dans le rÃ´le de Geronimo. "
2.0," C'est pas terrible, pas trÃ¨s trÃ¨s drÃ´le pour une film censÃ© Ãªtre d'humour et ayant un casting de trÃ¨s bon acteurs, il y avais surement matiÃ¨re Ã  faire quelque chose de bien plus drÃ´le. "
3.0," Au vu du casting et surtout de la bande-annonce, je mâ€™attendais Ã  une comÃ©die stupide et catastrophique. Alors effectivement elle ne vole pas haut, mais elle nâ€™est pas si terrible que Ã§a. Je lâ€™ai mÃªme trouvÃ©e pas mal, en tout cas elle mâ€™a fait bien rigoler Ã  plusieurs reprises. Un objectif donc rempli. Pris individuellement, je ne suis pas forcÃ©ment fan des acteurs choisis, mais tous ensemble ils forment un bon groupe. Christian Clavier fait ce quâ€™il a lâ€™habitude de nous servir depuis des annÃ©es, mais force est de constater que Ã§a marche bien. Il va prendre le leadership de cette bande. Pour une fois dans une de ses comÃ©dies, MichaÃ«l Youn nâ€™est pas trop agaÃ§ant. Quant Ã  Ramzy Bedia aprÃ¨s avoir tentÃ© quelques films plus sÃ©rieux, il revient Ã  ses premiÃ¨res amours. La seule que je nâ€™ai pas apprÃ©ciÃ©e est Sylvie Testud. Je trouve quâ€™elle sâ€™intÃ¨gre mal dans la dynamique globale. Il ne faut pas oublier les rÃ´les plus secondaires FranÃ§ois Levantal et Pascal ElbÃ© qui apportent une contribution non nÃ©gligeable. Le rÃ©sultat est plutÃ´t fun et sans prise de tÃªte. Comme tous les films de cet acabit, la conclusion est tout de mÃªme laborieuse, et au bout dâ€™une heure Ã§a ne fonctionne plus. Cela devient mÃªme assez lourd sur certaines sÃ©quences oÃ¹ on sent un forÃ§age de la vanne. Ne miser que sur de lâ€™humour basique ne marche pas indÃ©finiment. "
1.5," Une comÃ©die inÃ©gale, ce qui n'est pas une surprise, mais on sent l'envie de dÃ©noncer l'hypocrisie de ce genre de programme oÃ¹ tout le monde pleure sur place et oublie tout une fois de retour en France. "
2.0," La grande dÃ©ception que procure Rendez-vous chez les Malawas rÃ©side avant tout dans son scÃ©nario qui se contente dâ€™un canevas minimal â€“ envoyer quatre cÃ©lÃ©britÃ©s Ã  lâ€™autre bout du monde â€“ dÃ©clinÃ© par une succession de gags rÃ©pÃ©titifs et dÃ©jÃ  vus. On se demande bien, sinon pour lâ€™exotisme de la destination, pourquoi lâ€™Ã©quipe sâ€™est donnÃ© la peine de partir tourner en Afrique du Sud. La dÃ©nonciation de lâ€™hypocrisie inhÃ©rente au show business nâ€™est ici que superficielle, quâ€™un thÃ¨me parmi dâ€™autres qui Ã  aucun moment nâ€™infuse dans le long mÃ©trage : les situations sont tÃ©lÃ©phonÃ©es, rÃ©itÃ¨rent jusquâ€™Ã  plus soif le jeu du direct qui dÃ©gÃ©nÃ¨re, des vacheries qui sortent de la bouche de personnage dÃ©testables, quoique campÃ©s par de bons acteurs. Le comique repose essentiellement sur le dÃ©calage entre le mode de vie huppÃ© des starlettes et leur confrontation Ã  un environnement sauvage : le porc-Ã©pic devient un PokÃ©mon, les photos dÃ©dicacÃ©es puis distribuÃ©es aux enfants leur serviront de supports Ã  des pratiques vaudou, la balle de football est un agglomÃ©rat de dÃ©jectionsâ€¦ Le comique est monolithique, homogÃ¨ne certes, mais assez pauvre et lassant. La rÃ©alisation, elle, est pire encore. Le summum Ã©tant atteint dans la premiÃ¨re partie du film, durant laquelle la camÃ©ra filme nâ€™importe quoi nâ€™importe comment, Ã  la prÃ©tendue maniÃ¨re des journalistes dâ€™investigation. James Huth surprend par son amateurisme, quâ€™il rattrape ensuite par des plans tout droit sortis des reportages animaliers Ã  la mode. Alors certaines scÃ¨nes font mouche, certaines situations font rire, oui. Mais nous Ã©tions en droit dâ€™en attendre davantage de la part du rÃ©alisateur des deux volets de Brice de Nice qui, ici, ne sâ€™est pas cassÃ© la tÃªte. "
2.5," ComÃ©die familiale sans Ã©clat extraordinaire.Heureusement , les images de la savane africaine sont belles.Les gags sont quand mÃªme simplets. "
1.5," Pas terrible du tout. Ã‡a c'est le genre de voyage que je ne pourrais pas faire mdr... La deuxiÃ¨me partie est nettement plus intÃ©ressante c'est clairement plus prenant et encore Ã§a dÃ©pend des fois. Mais attention dans cette comÃ©die, l'humour est parfois mal placÃ©, j'aime pas du tout l'humour noir je trouve Ã§a tellement nul. "
4.0, J'ai regardÃ© ce film et je peux dire que c'Ã©tait trÃ¨s bien et que j'ai passÃ© un bon moment et pour moi c'est suffisant. C'est un peu court mais c'est facile Ã  regarder et c'est plutÃ´t une bonne comÃ©die. C'est un concept diffÃ©rent parce que c'est un film dans un reality show et c'Ã©tait trÃ¨s intÃ©ressant Ã  voir. Chapeau Ã  eux pour avoir pris le risque de faire un film original et difficile. Ce n'est pas la comÃ©die constamment Ã  mourir de rire Ã  laquelle je m'attendais mais plutÃ´t une comÃ©die alternative et agrÃ©able. Il reprend aussi un peu de l'humour franÃ§ais classique des annÃ©es 60. Ã€ l'instar de diverses comÃ©dies franÃ§aises de ces derniÃ¨res annÃ©es le film trouve un Ã©quilibre entre la comÃ©die et les doux sens de la vie. Enfin tous les acteurs et comme toujours Christian Clavier et MichaÃ«l Youn sont formidables... 
5.0," Parfait pour se divertir en famille. Les acteurs sont tous excellents, les images sublimes et le rythme est constant. "
0.5, Quelle dÃ©ception Ã  la sortie de ce film pourtant beaucoup d'acteurs prÃ©sents comme Michael Young Christian Clavier qui font partie des acteurs franÃ§ais que j'apprÃ©cie sont lÃ  ! C'est quasiment pas drÃ´le hormis deux sÃ©quences ! La bande annonce est trompeuse malheureusement... c'est dommage 
1.0," Mais que c'est nul...Aucun intÃ©rÃªt, c'est mal rÃ©alisÃ©, mal jouÃ©, mal montÃ©, mal Ã©clairÃ©...L'humour est tellement bÃªte qu'on finit par rigolÃ© nerveusement. "
3.0, Une bonne petite comÃ©die qui n'est pas hilarante m1is qui nous fait passer un bon petit moment. tous les difficile en humour ou les gens qui n'on pas rit depuis longtemps vous rigoler alors pas Ã©normÃ©ment non plus mais on rigole un peux c'est bien la le principale car y Ã  tellement de comÃ©die qui ne sont pas drÃ´le qui faut souligner et encourager les film drÃ´le. Point faible les sketch et gag sont pas mal et font rire mais ne pense que voir une fois cela suffit car voire plus je pense qu'on ne rigolera plus . Michael youn et Christian clavier drÃ´le est pas mal dans le film ainsi que le reste du casting mais ramzy se donne beaucoup de mal pour faire rire et se donne Ã  fond mais Ã§a ne fait pas rire malheureusement. Film qui peux Ãªtre vue en famile 
2.5," Le battage mÃ©diatique autour de la sortie d'un comÃ©die franÃ§aise Ã  gros budget est souvent annonciateur d'un nanar XXL...Youn, Clavier, Huth, tout Ã©tait rÃ©uni pour nous faire un ""All Inclusive 2""... Bien que ce ne soit pas la comÃ©die de l'annÃ©e, c'est moins pire que ce Ã  quoi on pouvait s'attendre. C'est lourd, mal mis en scÃ¨ne, rÃ©pÃ©titif voire longuet, mais malgrÃ© tout, il y a queques situations et rÃ©pliques qui font mouche. BasÃ© sur une idÃ©e (parodier ""Rencontre en terre inconnue"") qui aurait pu faire une Ã©norme comÃ©die acerbe avec un peu plus de talent, ce film arrive au final Ã  vous arracher au moins quelques sourires. "
0.5, Comment est-ce possible de sortir de tels navets ? Aucun style ..Rien..Rien...moins que rien !!! Il est vrai qu'avec un M.Young Ã  l'affiche il ne pouvait en Ãªtre autrement .Passez votre chemin . 
2.0," Bon casting pour ce nanar de la comÃ©die franÃ§aise de 2020. Des moments de rigolade certes, mais c'est bien LegÃ©. Un humour de beauf que j'ai de plus en plus de mal Ã  digÃ©rer.... trop moyen. ----Janvier 2021---- "
3.5," Certes Ã§a ne vole pas haut, mais franchement en cette pÃ©riode, prenez cette comÃ©die au premier degrÃ© et vous passerez un moment sympa en famille. "
2.5," Câ€™est une comÃ©die TF1, le pur-sang de la comÃ©die TF1, avec tout ce que Ã§a sous-entend, qui parodie Rendez-vous en Terre Inconnue. Vivement la mÃªme chose sur Koh-Lanta. Christian Clavier est le bourgeois dÃ©daigneux. Sylvie Testud lâ€™actrice un peu barrÃ©e. Ramzy, le comique de banlieue pas marrant et MichaÃ«l Youn, le con de service. Vraiment, il ne manque que Franck Dubosc pour que mon bonheur soit total. Ce voyage des â€œcivilisÃ©sâ€ chez les â€œprimitifsâ€, mÃªme si on se doute que lâ€™idÃ©e Ã©tait dÃ¨s le dÃ©part de retourner intÃ©gralement le schÃ©ma, nâ€™est mÃªme pas malaisant, juste trÃ¨s beauf, mÃªme si on ne nourrissait guÃ¨re dâ€™illusions sur la question. Devant ce florilÃ¨ge exhaustif de la blague en slip, câ€™est la consternation qui sâ€™impose, mÃªme si on ne peut nier quâ€™on est souvent sujet Ã  ce rire pulsionnel quâ€™on est tout suite honteux dâ€™avoir laissÃ© sâ€™exprimer. Comme il est malvenu de faire le dÃ©goÃ»tÃ© aprÃ¨s sâ€™Ãªtre goinfrÃ© - parce que oui, câ€™est drÃ´le, un type qui se fait mordre les couilles par un singe, mais il ne faut pas le dire trop fort - , autant assumer...dâ€™autant plus quâ€™Ã  cÃ´tÃ© des blagues de Bigard, il y a aussi des trucs qui fonctionnent tout simplement trÃ¨s bien : Clavier qui laisse tomber un â€œMa pauvre amie, ma pauvre amieâ€¦â€ Ã  sa co-Ã©quipiÃ¨re qui confesse voter Ã  gauche, câ€™est priceless, câ€™est peut-Ãªtre mÃªme un des trucs qui mâ€™ont fait le plus marrer cette annÃ©e mais uniquement parce que câ€™est Clavier, et que jâ€™ai un gros faible pour les comÃ©dies dont les personnages sont des connards absolus, sans possibilitÃ© de rÃ©demption. Finalement, , â€˜Rendez-vous chez les Malawasâ€™ est loin dâ€™Ãªtre la pire comÃ©die de lâ€™annÃ©e. Ce nâ€™est dÃ©finitivement pas non plus la plus finaude mais elle remplit assez honnÃªtement les objectifs quâ€™elle sâ€™Ã©tait fixÃ©e. Et Ã©difier le spectateur nâ€™en faisait clairement pas partie. "
2.5, Bof mais bon j'adore Clavier alors.... pourtant celui qui m'a arrachÃ© un rire c'est Michael Youn. Les dents de la terre. C'est tellement cucu que j'ai eu un fou rire. Bon un film qui fait pas rÃ©flÃ©chir qui passe pour une soirÃ©e tÃ©lÃ©. 
3.5," Je suis surpris des retours trÃ¨s mÃ©diocre autour de ce film. Il ne s agit certes pas du film de l annÃ©e mais le pitch de dÃ©part est plutÃ´t bon, le casting plutÃ´t bien adaptÃ© aux personnages et le scÃ©nario original. En revanche on regrettera en effet la lourdeur de certains gags, notamment concernant les aventures de Geronimo. Cette comÃ©die reste cependant un bon divertissement. "
5.0," Je me suis marrÃ©e comme une dingue et je n'Ã©tais pas la seule !!! Pour ma part, Ã§a fait du bien de voir ce genre de films.Et Ã  l'avenir, je ne tiendrai pas compte des critiques car je ne regrette pas d'avoir vu ce film mal notÃ© !DÃ©tendez-vous et rigolez !!!!!!! "
5.0, BonjourJ ai bien dÃ©compressÃ© avec ce film...... des personnes prÃ©fÃ¨rent des films violents souvent AmÃ©ricain ......moi je prÃ©fÃ¨re la rigolade .......les situations cocasses ......film qui enlÃ¨ve les soucis 
4.0," Je ne comprends pas bien certaines critiques lues ici. C'est drÃ´le, rapide, familial malgrÃ© peut-Ãªtre un gag un peu lourd  spoiler:  (pas pire que celui du chien dans le Marsupilami) . Les acteurs font le job et il faut simplement Ãªtre un fan inconditionnel de RDV en terre inconnue pour se formaliser devant cette parodie qui recÃ¨le quelques trouvailles dans les dialogues ("" spoiler:  Ce sont des gens connus, ils ne sont pas comme vous et moi, ils dÃ©testent tout le monde ! ""). Clavier (dont je ne suis pas fan) assure sans surprise mais sans cabotinage non plus. C'est marrant, sans prÃ©tention, familial et tellement loin des ""films franÃ§ais pour TÃ©lÃ©rama"" ! A ne pas bouder ! "
0.5," Ce film est trÃ¨s mal rÃ©alisÃ©, de plus lâ€™histoire nâ€™a aucun sens. Je ne recommande pas du tout ce film. "
0.5," Un postulat de dÃ©part plaisait mais bon... un film oÃ¹ il y a Michael Youn et Ramzy Bedia ensemble, cela ne peut que sentir le roussi ....Un Clavier plein de fausses notes qui nous rejoue un Ã©niÃ¨me erzatz de Jacqouille sans parler de Youn et Bedia peu concernÃ©s... Bref... Rendez vous chez les Malawas, un film qu'on a du mal Ã  voir. "
0.5," GRAVE , c'est vraiment nul, d'un patho maternelle, de l'amateurisme de nuche, c'est affligeant de voir CLAVIER se dÃ©molir dans des bouses parelles,, la comÃ©die devient nulle!! STOP!! stop!! "
2.5," La moyenne pour Christian Clavier qui a lui seul porte encore une fois une comÃ©die franÃ§aise, et heureusement qu'il soit de la partie, bien qu'ici Ã§a ne suffise pas malheureusement. Je n'ai vraiment pas compris l'intÃ©rÃªt de faire en film une cÃ©lÃ¨bre Ã©mission de tÃ©lÃ©. Ca n'apporte rien, pire Ã§a en fait encore un plus mauvais film. Le scÃ©nario est trÃ¨s mauvais. Le casting et la bonne ambiance gÃ©nÃ©rale nous sauve du naufrage. Moyen. "
1.0," Pitoyable comÃ©die franchouillarde ... qui se passe en Afrique. Rien ne nous est Ã©pargnÃ©, l humour bas de plafond, caricaturale ... le casting ne sauve en rien un film sans intÃ©rÃªt et sans imagination. ScÃ©nario qui s Ã©crit sur un timbre poste n est que le prÃ©texte aux gags stupides. "
3.0," Bonne parodie des comportements de personnages cÃ©lÃ¨bres, pas toujours hilarant mais conforme Ã  ce que j'en attendais : drÃ´le. "
4.5," j'ai beaucoup aimÃ© ce film, grand moment de dÃ©tente, beaucoup d'humour mÃªme si les situations son invraisemblables. Heureusement que je n'avais pas regardÃ© les critiques avant, j'aurais regrettÃ© de ne pas le voir "
5.0, J'ai adorÃ© ce film !De base je ne suis pas fan de l'acteur Michael Youn mais dans ce film il est juste excellent. Pas trop pour que son personne devienne insupportable. Grande fan de l'acteur Christian Clavier j'ai adorÃ© le retrouver. Ce film m'a fait rire du dÃ©but Ã  la fin. 
3.5," bon film, sans Ãªtre un chef d'Å“uvre. on rigole bien, mÃªme si defois il y a des moments un peu lent. Christian clavier joue super bien, mÃªme MichaÃ«l Youn joue trÃ¨s bien, pourtant je le dÃ©teste. A voir pour un bon divertissement "
2.0," le film est rempli de bonnes idÃ©es , mais mal exploites ou pas dÃ©veloppÃ©s.les personnages sont vite dÃ©crit...on rit dans la premiÃ¨re partie aprÃ¨s le quiproquo principal...on commence Ã  s'endormir.la seule bonne surprise est le rÃ´le cameraman qui reste drÃ´le . "
0.5," Franchement pas bon !! Pas drÃ´le, mal jouÃ©, scÃ©nario inexistant ! Quand tu viens de voir ""a couteaux tirÃ©s"", ""les vÃ©tos"", ""docteur"", ca pique les yeux !! "
5.0," TrÃ¨s bonne comÃ©die familiale qui desiingue gentiment le milieu du show-business. Un bon rythme, des acteurs au top, et de beaux paysages. Nous avons bien rit tout comme les autres spectateurs de la salle.Jâ€™ai passÃ© un bon moment, Je recommande pleinement !! "
3.0, Entendons nous bien sur le fait que ce n'est pas la comÃ©die de l'annÃ©e mais qu'importe : Une satire maÃ®trisÃ©e juste ce qu'il faut et un humour globalement efficace.ComÃ©die oubliable mais plaisante. 
0.5," ""Rendez-vous chez les Malawas""...4 stars (prÃ©sentateur d'un 20h, actrice sÃ©rie, comique et joueur de foot) vont aller au bout du bout du monde dans une tribu africaine pour y vivre une aventure...mais forcement tout ne se passe pas comme prÃ©vu.OH MY GOD!!!! Mais quel daube que voilÃ , la 1ere de l'annÃ©e 2020...chaque annÃ©e j'ai dans les 5 premiers films ce genre de merde ben dÃ©solÃ© Mi Ly c'Ã©tait pour toi!lolPourtant l'idÃ©e de mettre ce genre de perso dans ce lieu Ã  l'opposÃ© dans leur confort est une bonne idÃ©e mais ce qu'il en on fait piou...rien de drÃ´le, dialogue naze , il surjoue tous et quand on pense que le calvaire fini ben non il t'en remettre une derniÃ¨re couche avec leur retour dans l'Ã©mission pour racontÃ© qu'ils ont changÃ©...Le seul point positif ben se sont les paysages d'Afrique du Sud!!! MAGNIFIQUE...NOTE: 1/10 (pour paysage hein!!) "
3.0," MalgrÃ© un scÃ©nario trop simpliste et des gags dÃ©jÃ  vus, ce film possÃ¨de un beau petit casting avec des acteurs en forment et une rÃ©alisation correcte. L'histoire est sympathique et rappelle l'Ã©mission ""Rendez-vous en terre inconnue"". De magnifiques paysages, de l'humour tout le long et mÃªme des petits moments de sursauts. Un film correcte pour ses acteurs mais pas non plus la comÃ©die de l'annÃ©e. "
0.5," Honteux. Avec ma femme nous nous regardions et nous Ã©tions gÃªnÃ©s pour ces acteurs lancÃ©s dans une marrÃ©e de ridicule J'ai tout essayÃ©, me disant "" ne prend pas le film au sÃ©rieux c'est une farce"" mais dÃ©solÃ©, je ne peux mÃªme pas appeler ceci une farce !Nul passez votre chemin "
1.5, Pas terrible cette parodie de RV en terre inconnue. Les acteurs jouent leur rÃ´le d'acteur mais sans plus. Ils font leur job sans conviction. Sinon Ã§a peut faire sourire mais c'est tout. A eviter 
1.0, je viens de voir le plus mauvais film de 2020. Je mets 1 Ã¢Â˜Â† pour les paysages. Je n'ai pas aimÃ© Ã  un seul moment. 
4.0," Franchement c'est une trÃ¨s Vonn comÃ©die, j'ai beaucoup rigolÃ© et passÃ© un bon dimanche aprÃ¨s-midi aprÃ¨s une matinÃ©e au ski. "
1.0," PathÃ©tique, affligeant,caricatural et sur-jouÃ©. On se demande comment ces acteurs se sont embarquÃ©s dans ce navet... "
5.0, Jâ€™ai adorÃ©. Le film est dâ€™une finesse sans limite. Les acteurs sont gÃ©niaux. Les dÃ©cors sont magnifiques. Les dialogues sont travaillÃ©s. Les jeux dâ€™acteurs sont merveilleux.A ne pas rater. 
5.0," Je me suis beaucoup marrÃ©, ce film est Ã  Mourir de Rire, mÃªme si on retrouve les mÃªme blagues, Ã§a reste une trÃ¨s belle comÃ©die "
2.0, Une premiÃ¨re partie sympathique et puis tout s'Ã©croule.Caricatural Ã  souhait les acteurs en font des caisses.Les gags sont lourds et pas drÃ´les du tout.Un bon casting pour un bide.Il y avait sÃ»rement mieux Ã  faire avec ce scÃ©nario.En revanche de superbes dÃ©cors et paysages. 
0.5, clairement je croyais passer un bon moment avant de voir le film mais je me suis vraiment trompÃ© NUL MAUVAIS â€¦. je vous le dÃ©conseille vraiment perde de temps perde d'argent et je suis sur qu'il passera Ã  tf1 entre 6 mois et 1an 
5.0, A hÃ©sitÃ© vu les critiques mais bien content de ne pas les avoir suivi car des bons gags et trÃ¨s bien jouÃ© par tous aller le voir ğŸ˜ 
0.5," OMG la lourdeur. Ils doivent bien sentir en faisant le film que Ã§a marche pas non? On dirait que les textes sont Ã©crits Ã  main levÃ©e, que rien a Ã©tÃ© prÃ©parÃ© Ã  l'avance. MÃªme Ramzy en comique il est pas crÃ©dible. "
4.0," Nous on a bien rigolÃ©, c'est drÃ´le, sans prise de tÃªte. Les acteurs sont tous trÃ¨s bons, chacun dans son rÃ´le. "
2.0," Un film Ã  regarder le dimanche soir lorsqu'on n'a rien Ã  faire avant de reprendre le boulot. L'humour n'est pas exceptionnelle, l'histoire est cependant dynamique mais en rien originale. "
5.0, A ne rater sous aucun prÃ©texte. Ce film est trÃ¨s bien rÃ©alisÃ© et on y rit beaucoup. Les paysages sont superbes !Allez y ! 
1.0," Que dire de ce film ! MalgrÃ© la relative performance de Christian Clavier, ""Rendez-vous chez les Malawas"", reste l'un des pires films de cet annÃ©e. L'intrigue est inintÃ©ressante, dÃ©nuÃ©e de sens et dont les personnages n'ont aucun intÃ©rÃªt. "
1.0, Le film le plus nul de toute ma vie ! PitoyableLes acteurs jouent trÃ¨s mal et le scÃ©nario du film est Ã  l'image des acteurs qui jouent leurs rÃ´les c'est Ã  dire trÃ¨s nul. 
1.5," je pensais passer un bon moment avec des acteurs que j'aime beaucoup . aucun scÃ©nario, des blagues lourdes , les acteurs surjouent. j aurais du regarder les avis avant d y aller. "
1.0," Que dire? C'est lourd! Film pas drÃ´le du tout, j'ai du sourire une seule fois. Pourtant, je suis plutÃ´t bon public mais lÃ  c'est affligeant. L'idÃ©e de dÃ©part aurait pu donner un film dÃ©capant voire subversif. On en est loin! Seuls les dÃ©cors sont sympas. "
0.5, L'horreur! un jeu d'acteur nulissime une histoire sans une once de comÃ©die bref en deux mots une purge monumentale! 
1.0," Super dÃ©Ã§ue de ce film au casting plutÃ´t sympa Ã  premiÃ¨re vue. Les blagues sont lourdes. Le dÃ©roulement de l'histoire n'a pas vraiment de sens, est dÃ©cousu. "
3.0," C'est parodique donc un petit format aurait suffit. Beaux paysages. L'idÃ©e est amusante et cÃ´tÃ© scÃ©nario, il y avait un rebondissement bien trouvÃ©. Il manque un cÃ´tÃ© plus rÃ©el. Trop surjouÃ© et faux, gags trop enfantins mais pas la catastrophe Ã  laquelle je m'attendais en lisant les commentaires ici.2,8/5 "
3.0," RÃ©alisÃ© par James Huth connu notamment pour ""Brice De Nice"", ce film comporte beaucoup de Gags, qui se suive l'un aprÃ¨s l'autre.Parfois c'est drÃ´le et par moment c est plus lourd et dÃ©jÃ  vu mais dans l'ensemble on passe un bon moment.Christian Clavier habituÃ© Ã  ce genre de rÃ´le, sort du lot et j'ai trouvÃ© Sylvie Testud trÃ¨s rafraÃ®chissante.Ne pas nÃ©gliger les quelques beaux panorama d'Afrique du sud.C est un pastiche sur les Ã©missions Tele rÃ©alitÃ© et sur l'hypocrisie Ã  propos de certaines vedettes du show-biz.Un bon divertissant sans plus qui ce laisse regarder. "
0.5," Ma note parle d'elle-mÃªme. Il faut que les FranÃ§ais arrÃªte de faire des comÃ©dies sur l'Afrique. C'est tellement primaire comme humour que j'ai cru que c'Ã©tait Ã©crit par un enfant de 10 ans... ah non, au gÃ©nÃ©rique de fin, j'ai vu que c'Ã©tait par MickaÃ«l Youn... Disons 6 ans Â½ mentalement alors "
0.5," un gros navet sans scÃ©nario, tous les gags tombent plats, les acteurs sont mauvais mais comment pourraient ils est bons ?Si seulement, l'humour Ã©tait gras ou potache mais non mÃªme pas...La je pense que la production aurait du rembourser chaque spectateur. "
0.5," Le rÃ©alisateur James Huth nous avez habituÃ© Ã  mieux auparavant notamment avec Brice de Nice mais ce film est ridicule. Les 30 premiÃ¨res minutes sont plutÃ´t bonnes, on peut assister Ã  des scÃ¨nes drÃ´les et on voit l'hypocrisie des gens. Mais la suite est sans intÃ©rÃªts. Comment tout cela peut-il Ã  cause d'une perruque. Ce film est basÃ© sur une perruque, c'est n'importe quoi! MichaÃ«l Youn exagÃ¨re son personnage et Sylvie Testud n'ai plus l'actrice qu'elle a Ã©tÃ©. Ramzy et surtout Clavier relÃ¨vent un peu le niveau du film. Il y a un nombre incalculable d'incohÃ©rences, c'est irrÃ©aliste et mÃªme surnaturel par moment. Mais le pire rÃ´le est pour FranÃ§ois Levantal, c'est un trÃ¨s bon acteur mais il joue tellement mal. Le scÃ©nario a Ã©tÃ© Ã©crit en quelques minutes je pense!! En espÃ©rant que chacun se reprenne au plus vite. "
1.0, Une trÃ¨s mauvaise comÃ©die franÃ§aise qui surf sur ses acteurs connues et reconnues. Lâ€™histoire est dÃ©cevante et ne respecte en aucun cas la bonne Ã©mission de France 2 ni les diffÃ©rents peuples et cultures minoritaires de ce monde. Les vannes sont attendues et dÃ©cevantes ou de trÃ¨s mauvais goÃ»ts. Les acteurs sont navrants et jouent mal du dÃ©but Ã  la fin.Comment peut on sortir au cinÃ©ma un tel film. 
1.0, 1 Ã©toile pour les paysages et la mise en avant (ou pas) de la diversitÃ© des styles de vie sur Terre + le cotÃ© vrai â€œenvers de la cameraâ€ â€œon vous montre bien ce quâ€™on veutâ€. Film gÃªnant Ã  souhait quâ€™on soit noir ou blanc malheureusement. 
5.0, SÃºper bien et trÃ¨s drÃ´le . Il me faut 100 caractÃ¨res donc jâ€™Ã©cris mais je crois bien que câ€™etait le meilleur film que jâ€™ai vue ! 
1.5," Nâ€™a aucun sens, histoire nulle ! je ne recommande pas du tout Perdue 1h30 de ma vie et une entrÃ©e au cinÃ©ma "
4.5," Du 2Ã¨me ou 3Ã¨me degrÃ© pour les gags et aventures de nos hÃ©ros mais le film dÃ©peint bien le monde de la tÃ©lÃ©vision ou face Ã  la camÃ©ra, il y a des sourires et un monde merveilleux et ou camÃ©ra Ã©teinte c'est Ã  celui qui peut Ã©craser l'autre. Les acteurs sont bons voir excellent (FranÃ§ois LEVANTAL dans le rÃ´le de GÃ©ronimo). Bravo ! . Autre rÃ©ussite la vue des paysages, des animaux et le choix du lieu . Juste une remarque Ã  tous ceux qui ""descendent"" le film, beaucoup de film FranÃ§ais nommÃ©s ""navets"" deviennent cultes avec les ans . Parfois il faut le voir plusieurs fois pour l'apprÃ©cier "
1.0," Cette ""comÃ©die"" est une vÃ©ritable purge oÃ¹ rien ne marche. L'idÃ©e de dÃ©part Ã©tait pourtant sympathique (une comÃ©die basÃ©e sur l'Ã©mission rendez-vous en terre inconnue), malheureusement le ""scÃ©nario"" s'enfonce dans une bÃªtise affligeante, presque malaisante. Les personnages sont archifades, les acteurs sont mauvais, aucun pseudo gag n'est drÃ´le. Un vÃ©ritable flop. "
0.5, Je n'ai jamais compris ce genre d'acteur comme Christian Clavier qui a fait une grande carriÃ¨re avec de trÃ¨s bon film surtout dans le genre comique finir depuis 10 ans on ne faire que des nanar. Vraiment triste de finir une carriÃ¨re comme Ã§a 
5.0," Une trÃ¨s bonne comÃ©die, drÃ´le et distrayante Ã  souhait ! Ã€ prendre pour ce quâ€™elle est : un divertissement familial. Les acteurs sont excellents, les paysages et les images de la faune sont Ã©poustouflants, le scÃ©nario est Ã  rebondissement, on ne sâ€™ennuie jamais. Faites vous votre propre idÃ©e, allez le voir! "
5.0," Un film drÃ´le, Ã  voir en famille pour se dÃ©tendre, Ã  l'image des acteurs. On part avec l'idÃ©e que c'est un film ""beauf"" et en effet on est loin d'Ãªtre dÃ©Ã§us avec une blague toutes les minutesâ€¦ "
1.0, Un humour qui ne ferait mÃªme pas rire un enfant de 8ans. Nul ! Comment peut-on produire et laisser un film de la sorte sortir ! Triste vitrine du cinÃ©ma FranÃ§ais ! 
0.5," Film Ã  Ã©viter. Les acteurs ne sont pas crÃ©dibles, les gags ne sont pas drÃ´les. Ce film sera certainement bien notÃ© ds les meilleurs navets de l'annÃ©e 2019 "
1.0, Fuyez ! Ã€ part si vous voulez voir une comÃ©die franÃ§aise prÃ©-mÃ¢chÃ©e. Il n'y a pas de fond et je n'ai pas vu de forme non plus. J'ai vu dans un des commentaires qu'on dirait que les acteurs ne croient mÃªme pas en leurs rÃ´les. Je trouve cela trÃ¨s juste ! Nous avons quittÃ© la salle avant la fin. 
0.5, On ne comprend pas le vrai du faux. L'impression de ne pas avoir d'action rÃ©elle. bof bof vraiment 
0.5, Si vous avez besoin de perdre 1h32 de votre vie ce film est fait pour vous !! Scenario ridicule ou toute l histoire se base sur le fait qu un realisateur se fasse manger sa perruque par un zebre et se fasse morde les parties par un singe.... Situations ridicules ou meme les acteurs n y croient pas (sisi... Promis ca se voit limite sur leur visage....). Au bout deja d une demi heure il faut envisager de quitter la salle... 
1.0," Il y aura peut Ãªtre un public pour ce film.Mais franchement je ne peux que vous conseiller de fuire ce navet. Des gags et des vannes nuls ou dÃ©jÃ  vus ou entendus cent fois. Ce film rÃ©ussi l'exploit de rendre nul mÃªme des acteurs expÃ©rimentÃ©s. La fin du film est Ã  son image, elle ressemble Ã  rien. A fuir "
5.0," Film trÃ¨s agrÃ©able oÃ¹ on ne se prends pas la tÃªte avec l'intrigue... C'est une parodie sympathique de ""Terre inconnue"".... Je recommande .... "
0.5, Nul nul et encore nul trÃ¨s dÃ©Ã§u du film trÃ¨s dÃ©cevant. Jâ€™ai meme trouvÃ© Ã§a trÃ¨s moqueur envers lâ€™emission Rdv en terre inconnu . Bref je recommande pas 
0.5," TrÃ¨s dÃ©Ã§ue par ce film oÃ¹ je n 'ai trouvÃ© aucune sincÃ©ritÃ© des uns avec les autres! Ramzy pas crÃ©dible pour un sou, Elbe pas drÃ´le du tout, Clavier se caricature, vraiment aucun intÃ©rÃªt ce film!!!! "
1.0," Cette comÃ©die, ces nul ces nul nul nul, quelque passage marrant.Le scÃ©nario ils ne pas fouler comme les dialogue.C'est bien de prendre des acteurs connus mais avec eux. Le films est completement ratÃ©.Faudra peu Ãªtre bosser beaucoup plus.Je vraiment dÃ©Ã§u de voir quelque comÃ©die tellement pourrie j'aurai honte de l'avoir fais.La prochaine fois essayer de faire un vrai scÃ©nario avec de bon dialogues ou qu'on rigole. "
0.5," Un seul mot pour dÃ©crire ce ""film"" : mÃ©diocre.Si vous voulez perdre votre temps c'est le film qu'il vous faut ! "
0.5," De la grosse daube ! N'allez surtout pas le voir. J'ai dÃ» rire 2 fois (durant tout le film). Je n'ai mÃªme pas les mots pour vous expliquer Ã  quel point il est nul. Pourtant, j'aime Les visiteurs, Asterix et ObÃ©lix mission ClÃ©opÃ¢tre, les Tuches... incomparable ! "
5.0," Jâ€™ai adorÃ© ce film, certes, ce nâ€™est pas un film dotÃ© dâ€™une intelligence hors norme mais cette histoire Ã©tait comique. Il suffit de ne pas rÃ©flÃ©chir tout simplement. Les avis sur ce film sont multiples et parfois trÃ¨s nÃ©gatifs mais je vous encourage Ã  aller le voir ! "
1.0," un scÃ©nario tirÃ© d une Ã©mission tÃ©lÃ©, savement massacrÃ© par une bande dâ€™acteurs en perte de vitesse, ne peut donner qu un film Ã  la hauteur de leur talent. bref on s ennuie beaucoup on ne rit jamais , on connait maintenant quels sont les acteurs qu ils faudra Ã©viter d urgence dans les prochaines comÃ©dies qui suivront "
2.5, Je dois avouer que j'ai parfois ri aux blagues potaches de ce nanar lourdingue.L'idÃ©e de base de la caricature d'une cÃ©lÃ¨bre Ã©mission immersive pour les stars dans un monde Ã©loignÃ© de toute modernisation est plus une idÃ©e de sketch que de film et on en a vite fait le tour.Il reste de beaux dÃ©cors et comme je disais plut tÃ´t n'ayez pas honte de rire trÃ¨s gras... 
3.0, Une petite comÃ©die sans prÃ©tention et plutÃ´t drÃ´le. Quelques scÃ¨nes trÃ¨s rÃ©ussies. Clavier fait du bon clavier et mickael Youn fait un trÃ¨s bon footeu dÃ©cÃ©rÃ©brÃ©. 
2.5," Je viens d'aller voir ce jour, le nouveau film de clavier. Au vu, de l'extrait, je m'attendais pas Ã  la comÃ©die de l'annÃ©e! Quelques blagues assez sympa mais beaucoup de passage lourd.. dommage ! Ã‡a se laisse regarder mais ne vous attendez pas Ã  la comÃ©die du siÃ¨cle! La fin du film m'a fait rappelÃ© papy fait de la rÃ©sistance assez cocasse et amusant 2,5/5 "
1.0," Un scÃ©nario pauvret, des dialogues lamentables et dÃ©passÃ©s, des acteurs en roue libre. Sans aucun intÃ©rÃªt "
0.5," Un film, possÃ©dant un humour de faÃ§on continue, malheureusement cet humour n'est point drÃ´le. Des caractÃ¨res exagÃ©rÃ©s, et clichÃ©s de mÃªme pour la ""tribu"". Ainsi que pour le quiproquo rÃ©gissant la 2eme moitiÃ© du film. La seul partie intÃ©ressante serait avec quelle surprise, toutes les blagues possibles sont effectuÃ©es dans ce film. "
0.5, Bon pour commencer quand on voit les comÃ©die qui sorte au cinÃ©ma depuis 2010 sa frise le ridicule a chaque fois. La dans se film les acteur son ridicule et avec aucun talent . Pascal elbe il et pas un acteur comique mais dramatique . Et que dire de clavier qui sort que des bouses chaque annÃ©es. Navrant de voir des truc comme Ã§a au cinÃ©ma. 11 euros sa faire chers 
1.5," Rendez-vous chez les Malawas est basÃ©e sur une parodie d'Ã©mission banale qu'on pourrait retrouver Ã  la tÃ©lÃ©vision un dimanche soir ou en fond de discution, mais pas au cinÃ©ma. MalgrÃ© son seul point positif, le casting, le film est criant de dÃ©fauts, des blagues potaches et un objectif nul voir quasi inexistant. On se ressent jamais la nÃ©cessitÃ©  spoiler:  des personnages Ã  rejoindre la civilisation  , le film est vieillot, vieillissant avec un effet que je trouve particuliÃ¨rement passable en 2020, lors d'une scÃ¨ne se passant de nuit : la tourner de jour et y rajouter un ""filtre"" bleu foncÃ© pour faire mine de, c'est dÃ©passÃ© et ridiculise le film. Je pourrais lui trouver un autre point positif, malgrÃ© le fait qu'elle soient potaches et vieux-jeux, l'humour est assez bien amenÃ©. En bref, je vous conseille de voir ce film si et seulement si, il n'y pas grand-chose d'autre qui vous tente ces temps-ci au cinÃ©ma. "
2.0, bon casting... mais film qui ne dÃ©marre pas. Le cinÃ©ma franÃ§ais commence Ã  tourner en rond ( mise Ã  part quelques exeptions) bravo quand mÃªme Ã  FranÃ§ois Levantal. 
3.5," En fait, j'ai bien aimÃ©. Une parodie d'Ã©mission tÃ©lÃ©visÃ© plutot marrante avec quelques bon gags meme si la fin est un peu longue. Les prises de vue en Afrique du Sud sont trÃ¨s belles. "
3.5, Film correct qui fait le job de nous faire rire assez souvent et qui dÃ©nonce l'hypocrisie des Ã©missions de prÃ©sentation de pseudos stars. Je met presque une note de 4 pour relever la moyenne car la moyenne gÃ©nÃ©rale n'est pas mÃ©ritÃ©e quand on voit de vrais navets avec des commenta Ã©logieux 
3.0," Film banalCe film est pas mal il y a de bon gags sur les cÃ©lÃ©britÃ©s dans Rendez vous en terre inconnue Ce nâ€™est pas une comÃ©die a tomber par terre,loin de lÃ , câ€™est une comÃ©die qui se regarde Pas mal mais pas extraordinaire il faut bien le dire !Ne payer pas pour voir Ã§a ! (Jâ€™ai gagner des places) "
0.5," Ce film qui est censÃ© Ãªtre une comÃ©die ne m'a pas fait rire, tellement il est nul, consternant, bÃªte.Il s'agit d'une n-iÃ¨me illustration que le systÃ¨me franÃ§ais de subvention aux productions cinÃ©matographiques nationales fait que les pires nanars peuvent Ãªtre rÃ©alisÃ©s sans craindre la sanction du public. "
2.5," Un chef-d'Å“uvre de nullitÃ©, du coup entre chef-d'Å“uvre et nul je mets la moitiÃ© lol non franchement beau paysage mais trop timide niveau vannes, mais Ã§a a l'air assumÃ©, je pense quand mÃªme qu'ils ont plus rigolÃ© Ã  faire le film que nous en le regardant, Ã§a fait quand mÃªme plaisir de voir des acteurs et des humouristes qu'on aime mais lÃ  c'est clairement pas la comÃ©die franÃ§aise qu'on retiendra :) "
0.5, attention grosse daube en vue!avec ce film on a atteint le sommet du ridicule!mais qui peut bien Ã©crire un scÃ©nario pareil!!!film d'une nulitÃ© rarement Ã©galÃ©!ce film est une catastrophe en tout point de vu! 
1.0," Qu'est ce que c'est consternant !Des blagues de mauvais goÃ»t, Ã  la limite du malaisant, des acteurs complÃ¨tement paumÃ©s... On s'ennuie ferme dans ce sous-tÃ©lÃ©film. "
3.5, il est toujours rigolo de voir des spectateurs juger des films rigolos. dans le cas qui nous prÃ©occupe certains regrettent un manque de rÃ©alisme et fustigent une presque parodie !!!!!!!!! Oui forcÃ©ment. il est mÃªme rare qu'un cinÃ©aste ait le courage de s'attaquer avec un intro rÃ©ussie Ã  une Ã©mission truquÃ©e pour bobos tombÃ©s des nues. Bravo donc. A-t-on jamais reprochÃ© Ã  De FunÃ¨s ou Belmondo d'enchaÃ®ner les vannes les plus lourdes ? 
1.0," Je tiens Ã  dire que ce n'est pas dans mes habitudes de noter aussi bas !Mais lÃ ... Ce n'est pas drole, et Ã  mon avis, mÃªme les acteurs n'y croient pas.Presque un calvaire Ã  regarder... Quand on voit ce que l'on fait faire Ã  Pascal ElbÃ© par exemple, quel gÃ¢chis ! Michael Youn n'est pas crÃ©dible une seconde, Christian Clavier surjoue et Ramzy a l'air de se demander ce qu'il fait lÃ . Il n'y a que Sylvie Testud qui s'en sort un peu, et lÃ  c'est moi qui me demande ce qu'elle fait lÃ ... A Ã©viter... "
2.5," Ce n'est pas la comÃ©die du siÃ¨cle, certains gags m'ont fait sourire sans pour autant rire, mais la situation de ces 4 ""stars"" perdus au milieu de nulle part et en elle mÃªme le gros point positif du film. Ã€ voir une fois. "
1.5," Aucun intÃ©rÃªt, humour dÃ©passÃ© malgrÃ©s un casting qui me paraissait marrant . Aucune bonnes idÃ©es sur le scÃ©nario... Un fiasco "
0.5," Ce film est un vrai navet. Il est trÃ¨s rare que je donne zÃ©ro Ã©toile mais ici j'y suis obligÃ©. On ne rit nullement dans ce film. Les effets spÃ©ciaux sont nullisimes. Les acteurs sont sans saveurs y compris Christian Clavier. Le scÃ©nario est creux, inexistant. Bref j'ai perdu mon temps en le regardant. Ya-t-il eu un scÃ©nariste en fait ? Quelle honte ce film. "
0.5," Je n'ai mÃªme pas les mots... En voyant les acteurs je me suis dit que j'allais passÃ© une exellente soirÃ©e mais ... je me suis ennuyÃ© du dÃ©but Ã  la fin. Il ne se passe RIEN. Il n'y a rien de drÃ´le, les scÃ¨nes ne racontent pas grand chose...Hormis les paysages qui sont fantastiques, le film est long et ennuyeux Je ne recommande absolument pas "
0.5," franchement que dire ??????, l'humour est trÃ¨s mauvais je ne crois pas avoir souris 1 fois, c'est surjouÃ©s, le jeux d'acteur est catastrophique !!!! le scenario n'en parlons pas bref passez votre chemin croyais moi "
1.0," Contenu trÃ¨s moyen, je pensais que c'Ã©tait un film rempli d'humour, Ã  part quelques rÃ©pliques assez drÃ´le cela manque de recherche et de scenariation "
2.0," des le dÃ©but â€¦ c'es etrange â€¦ on a l'impression d'etre au milieu du film alors que ca fait 3 min que le film est commencÃ©.On ressent les ""dialogues"" appris lorsque les acteurs parlent â€¦ c'est pas naturel du tout.C'est pas digne d'un film comme "" Babysitting"" "
1.5," J'ai voulu me faire ma propre opinion.....dÃ©Ã§u. DÃ©Ã§u du scÃ©nario,dÃ©Ã§u du jeu d'acteur...qu'est venu faire dans cette galÃ©re sylvie testud. 1,5 Ã©toiles pour les images "
3.5," Meme si le film rappelle le film avec Kad Merad "" Safari "" sorti en 2009, le film est trÃ¨s drole et ses personnages sont hilarants , je mets 3/5 pour la moyenne aprÃ¨s tout je suis friand de comÃ©dies. "
4.0," Je mets 4 Ã©toiles pour faire remonter la moyenne des critiques car j'ai trouvÃ© que si ce n'Ã©tait pas le film comÃ©die de l'annÃ©e, il n'avait rien d'un navet et Ã©tait plutÃ´t drÃ´le.Clavier fait du Clavier, et bien oui et c'est ce qui nous plait depuis des annÃ©es, toujours bon Ã  l'inverse d'un Youn plutÃ´t mauvais et pas photogÃ©nique ou filmogÃ©nique du tout. Ramzy est Ã  sa valeur, ni trop ni moins, le film Ã  de trÃ¨s bon gags et j'ai passÃ© un bon moment devant mon Ã©cran. "
1.0," On sâ€™attend Ã  bien rire en allant voir ce film mais lâ€™histoires est trÃ¨s bateau, les malawas sont maladroitement caricaturÃ©s et lâ€™humour laisse vraiment Ã  dÃ©sirer... Les seules scÃ¨nes drÃ´les se trouvent finalement dans...... la bande annonce. TrÃ¨s dÃ©cevant Ã©tant donnÃ© le casting. "
3.5, Film rempli d'humour et de bonne humeur. Les paysages sont magnifiques. Le message que transmet ce film est trÃ¨s intÃ©ressant et est un trÃ¨s bon reflet de la rÃ©alitÃ©. Il ne faut donc pas croire tout ce que l'on nous montre. 
0.5," Et c'Ã©tait le film de trop .DÃ©jÃ  , je n'ai jamais vraiment aimÃ© le cinÃ©ma franÃ§ais toujours Ã  prÃ´ner le multiculturalisme ou bien Ã  relater une histoire de bobo gaucho au pays des merveilles .Pittoresque ! Mais vraiment ! Le style est plat , les blagues sont tout sauf drÃ´les l'ambiance lourde , le scÃ©nario est digne de celui d'un enfant de 5 ans . ClichÃ© sur clichÃ© Ã  part le fait que les journalistes en coulisses sont hypocrites - c'est le seul points positif .Personnage jouant mal leur rÃ´les Ã€ La limite du malaise . "
4.0," Pour pas se prendre la tÃªte , quelques bons gags des paysages sympas , une bonne cagade franÃ§aise qui fait un peu sourire "
0.5," salut a tous, un bon conseil si vous navet (avez) vraiment rien a faire,trouvez vite une occupation,mais n allez pas voir cette pure daube.Rarement vu quelque chose d'aussi pitoyable depuis...beiiiiiiin,je sais plus,mais Ã§a date.Pauvre Christian,qu'est il aller faire la dedans,a part les malawas on se demande bien ou sont les acteurs.sur une Ã©chelle de 0 a 5 je mettrais -10.voila,c est tout, et c'est dÃ©jÃ  pas mal. "
0.5," TrÃ¨s enfantin et trÃ¨s mal pensÃ©! Blague pas drÃ´le, je vous le dÃ©conseille trÃ¨s fortement ! Certaine scÃ¨ne voir toute sont trÃ¨s trÃ¨s mal interprÃ©tÃ©es "
1.0," TrÃ¨s dÃ©Ã§ue... Je ne recommande pas, le jeu dâ€™acteur est pauvre, câ€™est sur jouÃ©On ris Ã  1/5 des blagues "
0.5," Rien Ã  sauver dans ce film si ce n est les paysages. Le reste est affligeant, acteurs non motivÃ©s, grosses ficelles rÃ©chauffÃ©es, j ai attendu le gÃ©nÃ©rique de fin avec impatience... "
2.5," J'ai lu beaucoup beaucoup de critiques bien trop nÃ©gatives Ã  mon goÃ»t sur ce film. Moi, je trouve que le sujet du film est trÃ¨s bien pensÃ©, mais malgrÃ© de beaux efforts de la part de James Hult, cela reste insuffisant puisque avec de tels moyens employÃ©s, ce film aurait du Ãªtre une rÃ©ussite absolue. Quand Ã  FranÃ§ois Clavier, je trouve qu'il reste trop sur sa zone de confort, et, avec une tels experience dans le mÃ©tier, il aurait du apporter son propre grain de sels au film. NÃ©anmoins je remarque une superbe performance de Michael Youn dans se film, et il sauve donc pas mal de moments clÃ©s dans ce film. Je suis donc partagÃ© mais accorde tout de mÃªme la moyenne avec la gÃ©nÃ©reuse note de 2,5/5 "
1.0," La seule Ã©toile pour le paysage magnifique et les animaux , le reste est a mourir d'ennuis tellement l humours est lourd.. "
5.0, Incroyable c'est vraiment super drÃ´le trÃ¨s Ã©tonnÃ© des critiques trÃ¨s bon moment entre amis je conseille Ã  tout le monde 
0.5," Quel dommage comme d'habitude bonne idÃ©e mais rÃ©alisation nul. Nous sommes trÃ¨s de loin de l'humour des vrais films franÃ§ais Ã  l'ancienne. Heureusement Clavier relÃ¨ve le niveau, c'est vraiment dommage car y'avai de l'idÃ©e mais gÃ¢cher par un rÃ©alisateur vraiment nul. J'aurai bien vu ce film dans les annÃ©es 90 ou 2000 tournÃ©e au style des visiteurs. Film Ã  Ã©viter ! "
3.0, Pas malDe bons acteurs ne se prenant pas au sÃ©rieuxComÃ©die lÃ©gÃ¨reDu rythme et de l'humourUn bon moment de dÃ©tente sans pretentionLa scÃ¨ne du singe fera date 
3.5," J'ai hÃ©sitÃ© avant d'acheter un billet au vu des critiques que j'avais lu. Finalement je ne regrette pas du tout. Il faut prendre ce film pour ce qu'il est. Tu laisses tes neurones intello au placard et tu profites, tu te laisses aller. Sans surprise, c'est une succession gags plus ou moins drÃ´les, mais globalement Ã§a marche. Et la salle rit !!Les paysages d'Afrique sont magnifiques. En bref, bien j'ai bien aimÃ©, c'est un trÃ¨s bon moment de dÃ©tente. Allez-y ! "
0.5," Une sombre daube tÃ©lÃ©visuelle, ne perdez pas votre temps et votre argent. Les acteurs ne sont pas crÃ©dibles une seconde, ils sont antipathiques au possible, l'histoire ne tient pas debout, on ne rit pas... comble pour une comÃ©die. Ã€ fuir, on aimerait pouvoir mettre 0/5. "
0.5," dommage l'idÃ©e semblait bonne mais Ã§a ne fonctionne pas Mr Christian Clavier ne reussi pas a faire decoller le film et c'est limite insultant pour cette fausse tribue ""Malawas"" c'est du vieux cinÃ©ma des annÃ©es 70 style ""charlots"" "
5.0," J'ai ri du dÃ©but Ã  la fin.Ok cest absurde, mais on en pleure de rire.Sur faut pas s'attendre Ã  un chef d'oeuvres de la comÃ©die, mais faut pas se fier aux mauvaises critiques.J'ai ri, beaucoup, et cest tout ce que j'attendais "
0.5," aucun intÃ©rÃªt Ã  regarder ce film qui n'est ni drÃ´le, ni bon dans son contenu. Merci de ne pas continuer Ã  produire ce genre de film qui n'apporte pas grand chose de bon. "
2.5, Un ramzi aussi nul que dans les autre film donc Ã  ce niveaux pas de surprise sinon le reste du casting est pas mal 
0.5," Qu'est ce que c'est que ce film!Heureusement que j'ai des places a tarifs rÃ©duit, ce film est mÃ©diocre voire mauvais du dÃ©but a la fin.MÃªme pas drÃ´le, pas un des acteurs ne tient la route, mention particuliere mr ""houille"" qui refait comme souvent le coup des visiteurs, Ã§a repousse encore la nullitÃ© a un sommet rarement atteint, Ã§a me rappelle un peu le film safari...Franchement passez votre tour, j'ai mi une demi etoile car je ne peux pas mettre 0!Quelques paysages sympa mais pour le reste, circuler, y'a rien a voir! "
0.5, Film mauvais du dÃ©but Ã  la fin.. Les seuls gags qui pourraient nous faire sourir sont paquet dans la bande annonce.. Je ne m'attendais pas au film de l'annÃ©e certes mais c'Ã©tait quand mÃªme une dÃ©ception. Les acteurs ne sont pas crÃ©dibles une seule seconde dans leur rÃ´le.. 
5.0," Des superbes images, une franche rigolade en famille d'une parodie de la cÃ©lÃ¨bre Ã©mission ""voyage en terre inconnue"". je ne comprend pas les notes nÃ©gative. "
2.0, Humour bof bofPas captivant du tout..L'histoire est molle pas originale trop de copier coller ..... 
1.0," Une honte ce film, des ambitions parodiques, c 'est bien, mais qu'est ce que c'est nul !! Film pas drÃ´le, avec des acteurs qui surjouent tous. Christian Clavier veut se mÃ©langer Ã  la jeune gÃ©nÃ©ration de comiques, c'est bien mais encore faut il choisir les bons. Ramzi et Youn sont affligeants. Bref un navet d'or. "
2.0, ComÃ©die franÃ§aise rien d'autre Ã  ajouter ğŸ¤·â€â™‚ï¸ quelque scÃ¨nes qui fait sourire rien de plus un scÃ©nario stÃ©rÃ©otypÃ© 
5.0," Chouette film, superbe dÃ©cors et chouette concept pas du tout ""raciste"" comme certains le disent je vois pas du tout ils vont a la r'evontre d'une tribu en Afrique... C'est pas raciste Ã§a existe des tribus comme Ã§a reculÃ©s du monde ! J'ai passÃ© un bon moment Ã  leurs cÃ´tÃ©s. "
0.5," Le pire film que j'ai jamais vu rÃ©alisation mÃ©diocre , dialogues indigents et acteurs pitoyables qui cachetonnent ! "
1.0," TrÃ¨s caricatural, le cannibalisme, des langues inventÃ©es et tout franchement mÃªme si câ€™est en blaguant . Ã‡a le fait pas "
3.5," J'ai trouvÃ© le film drÃ´le, cartoonesque. Les dÃ©cors sont magique mÃªme si Clavier m'enerve. On rigole et on passe un bon moment. "
5.0,  Il est grave bien des blagues sortie incroyable buen Ã©crit et des animaux bien fait. B 
0.5," les acteurs ont l'air de s'amuser, eux ...! ScÃ©nario inexistant donc nul, film sans aucun intÃ©rÃªt. J'aime bien les acteurs mais lÃ  en acceptant de jouer ce nanar, ils n'ont pas du lire le script. Il n'engendre pas d'Ã©clats de rire ni mÃªme un sourire. A Ã©viter absolument mÃªme si vous avez du temps Ã  perdre, autant aller se coucher. "
1.5," J'ai ri, je ne peux pas dire le contraire. Mais pas de dialogue, Christian Clavier et Ramzy Ã©taient mauvais. Ã€ croire qu'ils n'ont acceptÃ© ce films que pour le cachet. MickaÃ«l Youn.... Ã‰gal Ã  lui mÃªme. Sans surprise, il avait un rÃ´le d'une bÃªtise absolue. Par contre, grosse surprise pour Sylvie Testud. Ã‡a lui va bien de jouer du comique. Le meilleur reste Pascal Elbe. C'est grÃ¢ce Ã  lui que j'ai tant ri. Sinon, la tribu des malawas est improbable. Limite les vraies tribus africaines ont Ã©tÃ© moquÃ©es. Je trouve Ã§a triste. Les effets spÃ©ciaux sont nuls. Bref... Ne cherchez pas Ã  trouver un sens Ã  ce film. Il n'y en a aucun. Regardez juste les gags, faÃ§ons bÃªtisier de NoÃ«l. Ce sera suffisant. "
4.5," Contrairement aux critiques des spectateurs et de la presse que je trouve invraisemblables, jâ€™ai adorÃ© ce film, squetchs peut Ãªtre dÃ©jÃ  vus mais lâ€™Ã¢me de chacun de ces acteurs est unique. Jâ€™ai beaucoup aimÃ© et je recommande ce film. "
0.5," Beau casting, beaux paysages et câ€™est tout. Passer le film en muet aurait Ã©tÃ© plus intÃ©ressant je pense ğŸ¤” "
2.0," L'idÃ©e de scÃ©nario est trÃ¨s bonne , le casting est allÃ©chant... Et c'est Ã  peu prÃ¨s tout ... On rigole peu pour une comÃ©die ou les stÃ©rÃ©otypes sont lÃ©gions et les situations courues d'avance. On a connu beaucoup mieux "
1.0, une honte ce film. On est plus Ã  l'Ã©poque de jackass ou du morning live. Je comprends pas comment de bons acteurs acceptent un tel scÃ©nario. Film Ã  fuir. 
4.0, Un film Ã  prendre au deuxiÃ¨me degrÃ© sans se prendre la tÃªte. Histoire assez faiblard mais les rÃ©fÃ©rences Ã  l'Ã©mission et surtout les imitations de FrÃ©dÃ©ric Lopez sont excellentes. 
0.5," complÃ¨tement nul , dommage avec ces acteurs , mais le scÃ©nario est lamentable les quelques gags font qu'on perd son temps; on a envie de sortir bien avant la fin "
1.0," A part les plans qui sont quelque fois beau , le reste Ã©tait catastrophique aucune blague ne mâ€™a fait rire , mÃªme Christian clavier mâ€™as dÃ©Ã§u , je ne parle mÃªme aps de Michael youn inutile enfin bref je ne recommande pas "
0.5, Il pourrait Ãªtre sympa mais la rÃ©alisation est bÃ¢clÃ©e ainsi que le scÃ©nario. Je ne le recommande pas du tout. 
0.5," Absolument dÃ©cevant, en dehors de la scÃ¨ne de la perruque. Dommage avec pourtant une sÃ©lection de bons acteurs....Ramzy joue mal....oui dÃ©cevant. "
4.0, TrÃ¨s plaisant pour se vider la tÃªte et ne pas rÃ©flÃ©chirBeaucoup de personnes ont bien rigolÃ© dans le salle 
4.5," DrÃ´le du dÃ©but Ã  la fin !! Heureusement que jâ€™ai dÃ©cidÃ© de me faire ma propre idÃ©e sur ce film... si jâ€™avais suivi les avis des bien-pensants je serai passÃ©e Ã  cÃ´tÃ© dâ€™un moment de franche rigolade. Oui jâ€™ai osÃ© rire Ã  tous les â€grosâ€ gags sans rÃ©flÃ©chir plus que Ã§a et Ã§a fait du bien...Si vous avez aimÃ© la bande annonce allez-y, il y a encore bien plus Ã  dÃ©couvrir dans ce film :Les paysages sont grandioses, les acteurs sont bons et sans niaiseries, les quiproquo fusent, la satyre est prÃ©sente. Que demander de plus ? "
1.0," Personnages ne sont pas sympa. Ils ne sont pas prÃ©sentÃ©s au dÃ©but du film donc, on se fout de ce qui leur arrive aprÃ¨s... pourquoi ne pas faire des perso sympa ? C est simples. Il y a zÃ©ro histoire. Et elle n'avance pas comme une jeep embourbÃ©e dans la boue. C'est une blague (pas drÃ´le) aprÃ¨s une autre. TrÃ¨s mauvais! "
1.0," Deux ou trois gag sympa ou rie.Une plÃ©iade d'acteurs de bonne qualitÃ©.Mais honnÃªtement il ne faut pas une place de cinÃ©ma, ce ne sera certainement pas un film culte. "
1.0," Le plus fascinant est de constater qu il y des banquiers qui ont mis de l argent sur la table pour permettre de financer ce navet . Le rÃ©alisateur trouvera t il quelqu un pour un nouveau et niÃ¨me nanard ? C est pas possible y a un truc! Moi qui voulait rire en voyant un peu de soleil, la Prochaine fois j irai faire une sÃ©ance d uv. "
0.5," Une perte de temps et dâ€™argent. La comÃ©die la moins drÃ´le de lâ€™histoire. Rien de cohÃ©rent, aucun lien entre les jeux des personnages "
